Date,Open,High,Low,Close,Volume
2010-12-31,33.96810433100397,34.12717559058984,33.88856996538698,34.02775573730469,381200
2011-01-03,34.339273449858425,34.71706489683945,34.31276114836973,34.657413482666016,841100
2011-01-04,34.730320595745866,34.730320595745866,33.98799133383355,34.2000846862793,1336700
2011-01-05,34.04762165599892,34.29285649713663,33.89517981138258,34.12052917480469,708100
2011-01-06,34.01449301493171,34.147051950910644,33.70960923202615,33.7294921875,669200
2011-01-07,33.80241783566287,34.12718727636308,33.623463555483504,33.789161682128906,743500
2011-01-10,33.577055179476496,34.41217229940538,33.5505428827545,34.30612564086914,864900
2011-01-11,34.405556679915975,34.465208102766404,33.961486942970346,34.14706802368164,816200
2011-01-12,34.37241756241075,34.485091067599015,34.041021330653386,34.14706802368164,522200
2011-01-13,33.92833892380421,34.20671302093224,33.7427578779536,33.835548400878906,625500
2011-01-14,33.86207174644171,33.99463076315285,33.75602503874339,33.90184020996094,537800
2011-01-18,33.83554145188818,33.941588103216596,33.57705289729716,33.828914642333984,952200
2011-01-19,33.729499740491114,33.88194166607996,33.55054551609934,33.74275588989258,781400
2011-01-20,33.63010246396719,34.02115025523495,33.444518790047134,33.48428726196289,714700
2011-01-21,33.616816423204256,33.62344323178928,33.325186278438444,33.46437454223633,548400
2011-01-24,33.48426754304634,34.007874070660776,33.47101139354765,33.91508102416992,757900
2011-01-25,33.9283499906208,34.03439669831912,33.656605144121805,33.90184020996094,484000
2011-01-26,33.90845893322964,34.33264566282135,33.85543685620685,34.08078384399414,648100
2011-01-27,34.094047004830806,34.55137547098162,33.99462964184144,34.385677337646484,822900
2011-01-28,34.46520525860058,34.849626069324884,33.974737763599286,34.0874137878418,1282000
2011-01-31,34.180200503882055,34.62427268294783,34.10066613164345,34.299503326416016,1289100
2011-02-01,34.47183905684153,35.260563801337845,34.47183905684153,35.01533126831055,842500
2011-02-02,34.91591085864835,34.99544525471041,34.36579184236632,34.385677337646484,688100
2011-02-03,34.299508275667925,34.485089347120486,34.133810168056,34.425437927246094,607500
2011-02-04,34.37903576135121,34.869503173947045,34.34589665214857,34.84299087524414,491300
2011-02-07,34.83635820547921,35.20752021148476,34.82972886774251,35.20089340209961,615500
2011-02-08,35.26055261474846,35.598575592041016,35.19427186444946,35.598575592041016,657300
2011-02-09,35.452758409601,35.62508328137099,35.26054805113895,35.4063606262207,608200
2011-02-10,35.2804437345924,35.6052131652832,35.08160649441664,35.6052131652832,633700
2011-02-11,35.412995154641635,35.83718185041446,35.31357529166581,35.817298889160156,615900
2011-02-14,35.87695237160081,35.982999051663576,35.26055525362589,35.68474197387695,655700
2011-02-15,35.55217234162532,35.66484832763672,35.23403239673971,35.66484832763672,770200
2011-02-16,35.770908276701036,35.94986253630603,35.63171994477328,35.78416442871094,549000
2011-02-17,35.671482779058984,36.00287894202189,35.51241403671395,35.876949310302734,483100
2011-02-18,35.98962095622379,36.63915709909515,35.98299414577748,36.6192741394043,1272400
2011-02-22,36.90427596554857,36.91753211513015,34.2663628792623,34.8496208190918,2457800
2011-02-23,34.89603262600255,35.08824056519964,34.08079547444141,34.352542877197266,1127500
2011-02-24,34.206712047747054,34.61101576757806,33.94822344742285,34.31938552856445,1326500
2011-02-25,34.46520293488933,34.85625053086158,34.38566855913204,34.68392562866211,800000
2011-02-28,34.869497623224404,35.253915779814776,34.816473034259346,34.92251968383789,781200
2011-03-01,35.10147734284815,35.578688577218124,34.54473174553379,34.551361083984375,1198100
2011-03-02,34.59113386037633,35.34671930740486,34.56462408637277,34.99543762207031,988700
2011-03-03,35.26054689434333,35.830548612681454,35.26054689434333,35.717872619628906,835300
2011-03-04,35.68474714430964,35.68474714430964,34.617650849366214,34.94904708862305,1038400
2011-03-07,35.12136686416838,35.12136686416838,34.299503258164485,34.52485275268555,1230000
2011-03-08,34.571244884167555,35.34671315889524,34.531476437551405,35.16775894165039,710400
2011-03-09,35.2680436645075,35.461898199703555,34.97392138867789,35.26136016845703,572100
2011-03-10,34.98060697743237,35.04076609103844,34.69985169737381,34.82685852050781,681900
2011-03-11,34.65303219411251,34.987262827717,34.34554062319095,34.74661636352539,847100
2011-03-14,34.56614621257673,34.806792779088966,34.14501727115878,34.479248046875,1047700
2011-03-15,33.67709540610878,34.57283403306692,33.329495075500404,34.39903259277344,980900
2011-03-16,34.30544609228021,34.57283172876634,33.84420854681896,33.92442321777344,1011100
2011-03-17,34.459210743785775,34.61295667616589,34.09155720548726,34.23193359375,674700
2011-03-18,34.746638550787054,34.80680020525083,34.43246073858968,34.60626220703125,983200
2011-03-21,35.04076290310148,35.42847193315239,34.95386471359006,35.25467300415039,612500
2011-03-22,35.28808807374122,35.33488018120954,34.866956556547734,34.960540771484375,568200
2011-03-23,34.85359738625308,35.08756054316796,34.52605253654336,35.00734329223633,527100
2011-03-24,35.16108038218454,35.28808972265787,34.93380332815612,35.1744499206543,591500
2011-03-25,35.30813784641529,35.67579117829253,35.19450061018964,35.28139877319336,418600
2011-03-28,35.33486868716452,35.555459614905274,35.05411358370255,35.07416915893555,544300
2011-03-29,34.99396761665927,35.38167661159962,34.887013850810014,35.34156799316406,743300
2011-03-30,35.56216968996501,35.86966151824785,35.542114101178214,35.77607727050781,879800
2011-03-31,35.7961272486547,35.92313661685328,35.62901180627071,35.85628890991211,704100
2011-04-01,36.01670910489627,36.39773198521155,35.49530736079764,36.15708541870117,595500
2011-04-04,36.17715140801338,36.43116760253906,35.90308217575492,36.43116760253906,726400
2011-04-05,36.370985093308455,36.48462485861331,36.12365508643728,36.163761138916016,843800
2011-04-06,36.40442021485469,36.591591207590135,36.076875440030534,36.116981506347656,646800
2011-04-07,36.0367652209874,36.34425694897719,35.74264303116829,36.0167121887207,505000
2011-04-08,36.15709264150108,36.15709264150108,35.43515279775407,35.60226821899414,543600
2011-04-11,35.68247740893021,36.264038229679514,35.67579136560044,36.257354736328125,750500
2011-04-12,36.056827545166016,36.33089677334658,35.93650422060096,36.056827545166016,862200
2011-04-13,36.056808878861254,36.23061027991497,35.72926420376295,35.86295700073242,906700
2011-04-14,35.64905566991316,36.13034625171752,35.5822079849553,36.103607177734375,1020700
2011-04-15,35.90308835122367,35.90977439827086,34.4926333218828,34.85360336303711,3144400
2011-04-18,34.566147773104355,34.78005527522156,34.20517790703962,34.639678955078125,1603000
2011-04-19,34.67310937424247,34.90038646544542,34.47925740967045,34.57284164428711,733200
2011-04-20,34.96054518655522,35.42846887030982,34.91375307317766,35.33488464355469,786200
2011-04-21,34.73326387148901,35.14771189646052,34.33887142835715,34.953857421875,1104200
2011-04-25,34.90707606543564,35.020713347619505,34.71990502716309,34.81349182128906,718000
2011-04-26,34.973906159122684,35.395037626342265,34.967222665982575,35.20786666870117,585200
2011-04-27,35.31483513940325,35.4953175661988,35.21456485786866,35.46189498901367,553000
2011-04-28,35.428452245904715,35.936481759893525,35.39502968774375,35.92311477661133,776900
2011-04-29,36.05012337893733,36.08354593882395,35.809476867789044,35.89637756347656,655000
2011-05-02,36.10359323900456,36.25734158005988,35.80278769775254,35.983272552490234,665200
2011-05-03,35.876341258857394,35.92981942338456,35.548796426055844,35.715911865234375,893100
2011-05-04,35.76268115955029,35.89637393556282,35.40839747059805,35.535404205322266,1531000
2011-05-05,35.48861708599665,35.7961087289019,35.19449497756267,35.48193359375,768500
2011-05-06,35.87633730068075,36.13035345420113,35.64906277645284,35.83623123168945,711500
2011-05-09,35.84289999693213,36.35093209519771,35.65573161861214,36.337562561035156,845600
2011-05-10,36.43115949938351,36.965928303140174,36.33757527747345,36.912452697753906,698400
2011-05-11,36.8522843117016,36.94586851650534,36.57821519049993,36.872337341308594,822100
2011-05-12,36.83222931538127,37.393737103073924,36.67848346934354,37.367000579833984,761000
2011-05-13,37.4271633089892,37.4271633089892,36.97929274447051,37.086246490478516,541900
2011-05-16,37.06619571904271,37.072879212959975,36.81217960055027,36.925819396972656,692400
2011-05-17,36.77206733353808,37.09961460246927,36.49131471729279,36.745330810546875,661200
2011-05-18,36.798808013627635,37.09293272918141,36.61832308816831,37.01940155029297,751400
2011-05-19,37.01940714542476,37.07956879633739,36.404421097209024,36.93918991088867,1553000
2011-05-20,36.97261474205758,36.97261474205758,36.2506749367987,36.377681732177734,1055800
2011-05-23,35.78942095212974,36.143704648282416,35.722573287776065,36.030067443847656,1090800
2011-05-24,36.15708355946179,36.15708355946179,35.82285280093468,36.0100212097168,832200
2011-05-25,35.883025215509356,35.99666248354542,35.522055275902304,35.80949401855469,1052100
2011-05-26,35.72926869203055,35.976598740007674,35.50867516682352,35.88969802856445,930500
2011-05-27,36.03677188081331,36.157095196607344,35.88970948373635,36.00334930419922,438000
2011-05-31,36.22392904165902,36.638377022227,36.19050647547859,36.631690979003906,1094200
2011-06-01,36.49799774171708,36.584898452762694,35.19449982592443,35.2011833190918,1271800
2011-06-02,35.261347172933334,35.341561845873045,34.76000100459779,34.92711639404297,1240700
2011-06-03,34.49262133899309,34.813485186313926,34.31213893109613,34.53941345214844,1010200
2011-06-06,34.42576315602223,34.659723633207896,34.29207036192558,34.43913269042969,881700
2011-06-07,34.60625310252739,34.646361711610794,34.1049069638873,34.15169906616211,1201900
2011-06-08,34.27984678041821,34.28658966686073,33.9426458602377,34.05729293823242,1030200
2011-06-09,34.178679809638574,34.367511470393325,34.016822262821336,34.239376068115234,720500
2011-06-10,34.06402624580466,34.131467954459346,33.54473923867337,33.598690032958984,1157700
2011-06-13,33.66613642996242,33.80776276236362,33.66613642996242,33.747066497802734,912600
2011-06-14,34.13820411663478,34.563077793261215,34.07750787711672,34.38098907470703,874700
2011-06-15,34.06403582467493,34.387750971970426,33.90218082366604,34.05729293823242,758300
2011-06-16,34.09099273768167,34.32028933328253,33.90216115517649,34.23261642456055,849700
2011-06-17,34.49565063274456,34.846337279749704,34.40123222647861,34.55634689331055,874200
2011-06-20,34.401222569720176,35.00144212133573,34.401222569720176,34.9272575378418,1263000
2011-06-21,35.10260050862253,35.493754646340285,34.96097679916104,35.39259338378906,1155500
2011-06-22,35.244233604678676,35.48701864135231,35.14981777322526,35.17005157470703,589100
2011-06-23,34.751919719198106,35.466786466713906,34.68448057642649,35.419578552246094,663000
2011-06-24,35.44655471042079,35.52748219506897,35.068888827665354,35.20376968383789,1041700
2011-06-27,35.109358654294134,35.77027210995669,35.109358654294134,35.63539123535156,673300
2011-06-28,35.54771619134255,36.2423517543023,35.53422784741106,36.2086296081543,551600
2011-06-29,36.39747366451192,36.65374455039365,36.14794309345552,36.31654357910156,713200
2011-06-30,36.44467298473476,36.74815430172891,36.29630376917347,36.68745803833008,870200
2011-07-01,36.768387885817084,37.429301367004285,36.65373823755138,37.40232467651367,546400
2011-07-05,37.45625391771561,37.5978775925596,37.206723550452786,37.48323059082031,688100
2011-07-06,37.6788144685137,38.48135397207606,37.52370241829993,38.4476318359375,1477900
2011-07-07,38.73763760664182,38.88600682259535,38.400436714121,38.6904296875,1341100
2011-07-08,38.21833529992549,38.64995446080478,37.975552898518,38.60948944091797,1064300
2011-07-11,38.31951006978516,38.393694679406565,37.32813860055122,37.43604278564453,1502000
2011-07-12,37.42255145520428,37.564175194734155,37.213486002108986,37.34162139892578,1211100
2011-07-13,37.537181901087614,37.597878130122446,37.05161206880895,37.14603042602539,1007900
2011-07-14,37.321388600139706,37.631612751566806,36.91674862633376,37.17301940917969,884500
2011-07-15,38.64322362092219,38.859031996670325,38.11719102661597,38.50834274291992,2116500
2011-07-18,38.31951236531661,38.3734657474147,37.73278348451362,37.90812683105469,971800
2011-07-19,38.12391311499284,38.589251761611365,38.069962336807095,38.48809051513672,1047900
2011-07-20,38.60275863973448,38.60275863973448,37.76649930879308,38.06998062133789,1056400
2011-07-21,38.33974510893554,38.35323345499188,37.95533625056627,38.0362663269043,1059500
2011-07-22,38.13741613037635,38.225089072887286,37.77998404784169,37.995792388916016,752400
2011-07-25,37.692316535533585,38.04974866956228,37.543947314930556,37.88789367675781,520000
2011-07-26,37.94857336615648,37.94857336615648,36.64023535981209,36.74139404296875,1343700
2011-07-27,36.6739877962912,36.72793862781003,35.90516979550856,35.96586608886719,1183400
2011-07-28,36.06699000112264,36.20861369118903,35.74327760698343,35.95234298706055,1439100
2011-07-29,35.66909992044174,36.2086206814984,35.48026829723138,35.85118865966797,1010400
2011-08-01,36.20188251321585,36.22885919794218,35.217256674449125,35.4398078918457,1582000
2011-08-02,35.21051672495694,35.43981343572329,34.347283259784156,34.37425994873047,1447500
2011-08-03,34.5023909616286,34.68447972983355,34.01007802802483,34.47541427612305,2875500
2011-08-04,34.0100808979406,34.219146369292936,33.19405538732553,33.28847122192383,2448800
2011-08-05,33.70659053518107,33.86170258929159,32.49266821019252,33.52450180053711,2384300
2011-08-08,32.83661424346393,33.274976329414784,31.514787673950195,31.514787673950195,2047400
2011-08-09,31.97338560436505,33.21428487836061,31.089918420537,33.194053649902344,2438100
2011-08-10,32.5129073293986,32.82987697104181,31.636185580269764,31.703624725341797,2188400
2011-08-11,31.98686338329603,33.67286713500829,31.85872802431542,33.24799346923828,1745200
2011-08-12,33.57845513451196,33.96960671137988,33.18730098500619,33.80100631713867,1053600
2011-08-15,33.98985614266509,34.27984915996137,33.55149388694586,34.252872467041016,1002500
2011-08-16,33.94262492266146,34.31354519152934,33.64588664945733,34.03704071044922,928100
2011-08-17,34.32029004337002,34.4956358644419,34.02355432577423,34.333778381347656,1517000
2011-08-18,33.41660387762292,33.60543810390502,32.91754805795343,33.28172302246094,1971700
2011-08-19,32.850099374701415,33.69984678109587,32.850099374701415,32.904052734375,1314300
2011-08-22,33.52450869917539,34.16519084417537,33.288469127530426,33.82124710083008,1654900
2011-08-23,33.895440348050485,35.14308547973633,33.72009697573791,35.14308547973633,1499800
2011-08-24,35.0149409707208,35.56120736656501,34.91378224213845,35.29819107055664,1688900
2011-08-25,35.406079360484966,35.54770306049388,34.70470117095853,34.80586242675781,2869500
2011-08-26,34.414724467974,35.63539270310115,34.10450024445179,35.6016731262207,3241000
2011-08-29,35.8444377452237,36.78859822238704,35.001435940986426,36.62674331665039,3528100
2011-08-30,36.5053713902538,37.02466110255136,36.242355090971394,36.79536437988281,1221400
2011-08-31,37.044883124349795,37.55742725031891,36.829074800506156,37.1055793762207,1079900
2011-09-01,37.220220643029535,37.61137477715501,37.024646148604546,37.361846923828125,1749200
2011-09-02,36.62001199550885,36.70093947961218,35.89840237837813,36.03328323364258,1186200
2011-09-06,35.075637950858244,35.75003977902243,34.805878763175855,35.6016731262207,1226700
2011-09-07,36.111817135466545,36.778412806221205,35.975776620163,36.703590393066406,1056100
2011-09-08,36.48593195879496,37.05049927195903,36.30227762540751,36.38390350341797,1897500
2011-09-09,36.050598507033946,36.10501575026376,35.173139920630504,35.445220947265625,1351200
2011-09-12,35.13911928706352,35.69688287933785,34.799019409103266,35.649269104003906,1068700
2011-09-13,35.71048645821803,36.42469566843117,35.45200982970303,36.30906295776367,1011700
2011-09-14,36.52674638990415,37.10491544493056,35.968982507835186,36.69679641723633,1105800
2011-09-15,36.57435520741106,37.06410004973165,36.1254233002029,36.99607849121094,1496500
2011-09-16,36.93485967459162,37.19333640247805,35.411213119671494,35.96217346191406,3204400
2011-09-19,35.173148644775665,36.15943936751563,35.12553484251821,35.934974670410156,1443600
2011-09-20,35.90094338254542,36.105005391352684,35.42480561467842,35.49282455444336,1594700
2011-09-21,35.43161309390279,35.594862212513135,34.11202621459961,34.11202621459961,1339300
2011-09-22,33.22775701363481,33.69029305489074,32.77202442299637,33.125728607177734,2071000
2011-09-23,33.0032956693837,33.819535974600754,32.97608705376663,33.608673095703125,1103400
2011-09-26,33.92838469555579,34.6221891698859,33.52706649750478,34.567771911621094,1563400
2011-09-27,35.288774975526344,35.96897494177527,34.98268447176294,35.1799430847168,1395400
2011-09-28,35.03709303079922,35.45201535326409,34.744609483318406,34.7650146484375,1323600
2011-09-29,35.40440165557907,35.887342926092394,35.04389656558413,35.63566970825195,1518200
2011-09-30,35.11192101360082,35.57445719141172,34.540552946584825,34.55415725708008,1392500
2011-10-03,34.45212575545497,35.023493771639,33.404617293324804,33.54745864868164,1604200
2011-10-04,33.1257436371074,34.48614376516308,33.010108276948856,34.43852996826172,2100000
2011-10-05,34.41132075598114,35.08471994957529,33.81954743690325,34.982688903808594,1168300
2011-10-06,34.93507798490914,35.71730655276668,34.55416499006711,35.703704833984375,1064700
2011-10-07,35.98258050391563,36.13222273726009,35.11872620536451,35.370399475097656,953000
2011-10-10,36.023380215013496,36.92804718017578,35.85333026770537,36.92804718017578,907900
2011-10-11,36.601569839089166,37.24095702559859,36.431519807008804,37.12532424926758,846300
2011-10-12,37.49262039271121,37.62186004342557,37.18652989727835,37.29536437988281,1051300
2011-10-13,36.96206936370254,37.26815989308755,36.53354262256352,36.97567367553711,784900
2011-10-14,37.54022829557439,37.77149634533482,37.030078414757845,37.66946792602539,835300
2011-10-17,37.404195871119725,37.61505619203785,36.81242005463872,36.87363815307617,923300
2011-10-18,37.00288181167952,38.696578394032876,36.45871972449474,38.30886459350586,1561700
2011-10-19,38.34286927038789,38.934645076830286,37.866728801146586,37.941551208496094,1351200
2011-10-20,37.94154792439492,38.25444183666037,37.43820147357746,37.83951950073242,1854600
2011-10-21,38.2408398170054,39.145504349131556,38.193226030828065,39.125099182128906,1378600
2011-10-24,39.295145086667745,39.98214578369828,39.057073585701794,39.58763122558594,1202600
2011-10-25,39.32235419293023,39.560423102105744,38.58093625395381,38.662559509277344,1429900
2011-10-26,39.19312667751491,39.20673099006734,38.41769902532771,38.70338439941406,1371500
2011-10-27,40.11138064524063,40.403866749385735,39.79168592797595,39.9481315612793,1296600
2011-10-28,39.9073310448221,40.08418449030938,39.383579350646706,39.7304801940918,804300
2011-10-31,39.397181269480186,39.839312290717345,39.03667611339132,39.06388473510742,917500
2011-11-01,38.13881100905984,38.785001480852465,37.89393861176943,38.08439636230469,972100
2011-11-02,38.73057878366513,39.15230456170757,38.56733227163805,39.0706787109375,964300
2011-11-03,39.397191678670545,40.13180909055765,39.11830971928918,40.07059097290039,927000
2011-11-04,39.82570812900896,39.94134347435695,39.356371079054995,39.71007537841797,937000
2011-11-07,39.64885754461567,39.81210408711273,38.94824979923168,39.53322219848633,806300
2011-11-08,39.614849756659545,39.96175062035159,39.19312388188773,39.90733337402344,1255700
2011-11-09,39.04347895224156,39.39037979201737,38.485715189617274,38.676170349121094,822000
2011-11-10,39.15910086244706,39.5740231406047,39.03666469529378,39.34955596923828,838300
2011-11-11,39.92774019590534,40.04337294948638,39.67606692447355,39.982154846191406,616200
2011-11-14,39.66924410863211,39.92091725722049,39.43797611959646,39.57401657104492,621600
2011-11-15,39.26114097511883,39.934537455931455,39.13870477956074,39.757686614990234,518100
2011-11-16,39.261148241230586,39.886931050113596,39.08429477280204,39.1931266784668,684300
2011-11-17,39.233922514489095,39.35635867933803,38.51290983201829,38.819000244140625,582700
2011-11-18,39.111494303228,39.15230723139596,38.295253903165815,38.49931335449219,907900
2011-11-21,38.09118469823113,38.322452709117776,37.37017205375958,37.47900390625,1452600
2011-11-22,37.52663139545837,37.99597103910537,37.349780543556285,37.7510986328125,1022300
2011-11-23,37.43818431273699,37.60823420231728,36.839607974882874,36.9416389465332,738400
2011-11-25,37.02327182726094,37.30215361514935,36.798804668963506,36.85322189331055,368500
2011-11-28,37.982363410303314,38.15241338929021,37.59464966579374,37.791908264160156,713100
2011-11-29,37.98236303805818,38.13200784842222,37.723886345999404,37.95515441894531,672200
2011-11-30,39.179506173635964,39.920924035422345,39.0026553730544,39.79168701171875,1235500
2011-12-01,39.560432044243484,40.567127736639655,39.49241308189179,40.165809631347656,1122400
2011-12-02,40.54672607440296,41.05687612044274,40.349467433859154,40.48550796508789,1004100
2011-12-05,41.0908887673265,41.39017588326,40.88002579795397,41.17251205444336,1143400
2011-12-06,41.46497798152088,41.46497798152088,40.75756958731559,40.900413513183594,859300
2011-12-07,40.88671203380057,41.01007141466784,40.372715484960814,40.674259185791016,1100400
2011-12-08,40.46181290530072,40.76335663559233,39.797043133935745,39.92040252685547,990400
2011-12-09,40.194530528565416,40.59887457848992,39.99578457205709,40.31103515625,735600
2011-12-12,40.05060109404223,40.304174549813744,39.70793680558229,40.26305389404297,691600
2011-12-13,40.49607476014992,40.578313475739606,39.52976135542571,39.74221420288086,866400
2011-12-14,39.58458878575587,39.70794817406522,39.118567625202715,39.18709945678711,714400
2011-12-15,39.46124717765224,39.65999061135749,39.248794235175076,39.447540283203125,677400
2011-12-16,39.735365734991106,40.01635045415004,39.54347449683048,39.886138916015625,1301700
2011-12-19,40.023199112014346,40.41383628125531,39.481788784707874,39.5434684753418,471700
2011-12-20,40.26307202023548,40.626295492941296,40.105446690300454,40.5920295715332,631000
2011-12-21,40.52348684172878,41.106015192131764,40.40697960305527,41.09916305541992,737100
2011-12-22,41.119730295228564,41.52407441437119,40.90727741421395,41.46239471435547,804400
2011-12-23,41.55833797714161,42.25052152855283,41.40756480469127,42.19569396972656,698900
2011-12-27,42.024359236265916,42.634301412664854,41.832468020586724,42.42870330810547,614600
2011-12-28,42.49038679503769,42.58633241144465,41.948976400373326,42.10660171508789,572600
2011-12-29,42.250516688635045,42.51779447149092,42.1134504215926,42.46296691894531,570200
2011-12-30,42.52465571962266,42.52465571962266,41.80506093137329,41.9421272277832,530800
2012-01-03,42.74395430055299,42.839899909270635,42.051773398860206,42.2916374206543,1040900
2012-01-04,42.25053011637342,42.55207390824384,42.09975691327699,42.305355072021484,951800
2012-01-05,41.914714410867035,42.60004329437652,41.81876878546726,42.49039077758789,1170200
2012-01-06,42.51779799970477,42.70968922089475,42.17513361082447,42.3396110534668,801100
2012-01-09,42.332755553087004,42.627447113259585,41.695399631255306,42.5246467590332,1356600
2012-01-10,42.922146122928574,43.388169944813036,42.88788020367985,43.04550552368164,961600
2012-01-11,42.894725308327274,43.25794869858554,42.867311531694526,43.08661651611328,435300
2012-01-12,43.07975784960336,43.19626246115175,42.600027288528516,43.14143753051758,592000
2012-01-13,42.97010803222656,43.175706109885546,42.58632303676077,42.97010803222656,947600
2012-01-17,43.504667034377924,43.62117427676745,43.05235018164544,43.107177734375,536700
2012-01-18,43.1688667580691,43.874752044677734,42.90158630220312,43.874752044677734,776600
2012-01-19,43.9706942881939,44.80679095551167,43.95698478540973,44.46412658691406,1122100
2012-01-20,44.43671762372906,44.64231835861727,43.71712550890811,43.963844299316406,612400
2012-01-23,44.046077728271484,44.64917039194287,43.82677534543374,44.046077728271484,586300
2012-01-24,43.84734033674748,44.29280252906077,43.71712879394614,44.27224349975586,515400
2012-01-25,44.23798074015457,44.272244046537836,43.62118371016812,44.19685745239258,600800
2012-01-26,44.34078212317691,44.56008718371709,44.01182714668918,44.31337356567383,477900
2012-01-27,44.039222191982965,44.395590802966495,43.9638356193175,44.11460876464844,553200
2012-01-30,43.81306679169831,44.06664030916626,43.53893424850333,44.03922653198242,492400
2012-01-31,44.333906167809545,44.35446518800283,43.442976949392836,43.71025466918945,793800
2012-02-01,44.00496536861844,44.16259330664744,43.7034216120908,44.032379150390625,956200
2012-02-02,44.059780332842365,44.402444664040104,43.73767502493365,43.86103439331055,677300
2012-02-03,44.27909302918047,44.347624861660826,43.922719134452784,43.97754669189453,822700
2012-02-06,43.86104802567829,44.54637690107952,43.85419588722604,44.203712463378906,693700
2012-02-07,44.011822031081394,44.37504550519719,43.943290187999175,44.251686096191406,723200
2012-02-08,44.23112431366521,44.38874702008114,43.90216416723921,44.190006256103516,599000
2012-02-09,44.285950531263936,44.41615945246973,43.9432861189384,44.33392333984375,420200
2012-02-10,43.929582569684676,44.477847795188275,43.929582569684676,44.47099304199219,652200
2012-02-13,44.66973056148324,44.74511714637119,44.24482483108238,44.423011779785156,763700
2012-02-14,44.306511230794136,44.61490712206314,43.99126058699973,44.34077453613281,568900
2012-02-15,44.46414163485182,44.52582396096898,43.771960526332286,43.785667419433594,556200
2012-02-16,43.922713442026236,44.964415983839096,43.74453174639858,44.950706481933594,937200
2012-02-17,45.3071017161263,45.52640679234286,44.84107777558542,44.943878173828125,1249900
2012-02-21,45.409895131354155,45.52639979141223,42.97012326572321,43.730838775634766,1675700
2012-02-22,43.01808619715572,43.40872337774328,42.31905055444068,43.12088394165039,1511500
2012-02-23,42.99752802578397,43.10718052401756,42.26422383933975,42.67542266845703,1531900
2012-02-24,42.69598306002217,42.9152880635012,42.35331866529596,42.64801025390625,1066500
2012-02-27,42.490397031440686,42.88788909725481,42.325916924888,42.634315490722656,989800
2012-02-28,42.552071848427055,42.956416007257864,42.42871243628733,42.901588439941406,1087400
2012-02-29,42.853609088470485,43.16886232380427,42.66856999848823,42.9564094543457,922200
2012-03-01,42.94269851775018,43.29906977439262,42.860459801393205,43.1551513671875,987700
2012-03-02,43.00438527653214,43.16201059809002,42.84675995497426,43.02494430541992,915000
2012-03-05,42.887880627071915,43.05235808681836,42.74395958189116,43.02494430541992,762600
2012-03-06,42.66172314830785,42.833055369787,42.387590548212316,42.668575286865234,978100
2012-03-07,42.78945285192329,43.10723252260756,42.64438107079292,42.948341369628906,1075800
2012-03-08,43.18323619584237,43.577006742075866,43.148695659583005,43.49410629272461,894300
2012-03-09,43.47337704043904,43.66680612742785,43.293762058000574,43.445743560791016,692900
2012-03-12,43.52173938987496,43.52173938987496,43.086521258099495,43.27995300292969,758100
2012-03-13,43.48719846692626,43.94314038916129,43.07961382164994,43.908599853515625,982500
2012-03-14,43.97076862913398,44.12965718237884,43.82569418028116,44.046756744384766,628500
2012-03-15,44.03985831218699,44.11584907758522,43.56319255915378,43.83951950073242,776600
2012-03-16,43.83951170561042,43.83951170561042,43.39047951715992,43.4871940612793,1017100
2012-03-19,43.42502332766435,43.60463568954959,43.18323431383843,43.58391189575195,675100
2012-03-20,43.37666277724662,43.4871940612793,43.22468127347407,43.4871940612793,682100
2012-03-21,43.46647362179689,43.61154809323537,43.390485494716025,43.4388427734375,792300
2012-03-22,43.18323275212426,43.23849971395108,42.69275032464328,42.865455627441406,687400
2012-03-23,42.91382008307141,42.91382008307141,42.31280626663034,42.45787811279297,861900
2012-03-26,42.68583011599047,42.98288335607134,42.62365612073464,42.96906661987305,901800
2012-03-27,43.10034370102242,43.24541555238027,42.65131140368512,43.19015121459961,944200
2012-03-28,43.2385039700062,43.4388427734375,42.90000038368179,43.4388427734375,1245100
2012-03-29,43.25924230753452,43.376683334819674,42.72040237191127,43.169437408447266,821300
2012-03-30,43.314492820332845,43.50101487371381,43.093430231571844,43.34903335571289,1109200
2012-04-02,43.36285410409232,43.936234423154296,43.28686333806954,43.715171813964844,774500
2012-04-03,43.86023811165541,44.01912666767003,43.63226585610813,43.8118782043457,728300
2012-04-04,43.5079184729144,43.625359446212514,43.23849862895376,43.404296875,829300
2012-04-05,43.27994910053417,43.79115531120313,43.17632486674449,43.77043151855469,738400
2012-04-09,43.141771380211345,43.24539294761401,42.77563446329103,42.89998245239258,641400
2012-04-10,42.69966491936758,42.74802219888616,41.573625477847564,41.64961624145508,1007900
2012-04-11,42.14009305889042,42.78255698356098,42.04337851285808,42.76183319091797,892000
2012-04-12,42.7894646235978,43.542459844827334,42.72729060954128,43.50791931152344,901300
2012-04-13,43.47338622019213,43.77043960094938,43.32140468530957,43.48029327392578,863200
2012-04-16,43.625353645898656,44.01221177644804,43.52172942648815,43.80496597290039,940300
2012-04-17,44.26089975449694,44.50268604216805,43.984570309781766,44.40597152709961,801200
2012-04-18,44.26092887623444,44.77213525945399,44.157304607467836,44.592525482177734,1102600
2012-04-19,44.98628008580016,45.31787132241436,43.445746434447464,43.83260726928711,2435000
2012-04-20,43.936239413110165,44.4129078594717,43.88788212656254,44.053680419921875,1080400
2012-04-23,43.646089171578396,43.646089171578396,43.12797320575745,43.34212875366211,964400
2012-04-24,43.46647179556965,43.81879210890818,43.279952377065655,43.362850189208984,1419700
2012-04-25,43.63227157515834,44.0882135107413,43.37666844156878,44.08130645751953,1081400
2012-04-26,44.10203056560795,44.675410856950336,43.9707754712703,44.640872955322266,775900
2012-04-27,44.868835355718765,45.45603759901357,44.50961064656496,45.38004684448242,863700
2012-04-30,45.42149358179234,45.469850854631666,44.65468163352057,44.75139617919922,526600
2012-05-01,44.67540912745262,45.746184176884015,44.62705185060689,45.4214973449707,781900
2012-05-02,45.255708760768314,45.884353457563726,45.1451748133259,45.856719970703125,899600
2012-05-03,45.71163588810727,45.93960814080502,45.338591821114754,45.428401947021484,414100
2012-05-04,45.21423855804032,45.393853518487475,44.834290118130866,44.896461486816406,745800
2012-05-07,44.67540675283879,45.31096100632933,44.64086885438355,45.10371780395508,785900
2012-05-08,44.792844354285535,45.03463599221417,44.385262373635584,44.99318313598633,692000
2012-05-09,44.51652454810187,44.92410656957805,44.419809991461825,44.58560562133789,683100
2012-05-10,44.993179419739924,45.18661376821548,44.557963994400865,44.68231201171875,466100
2012-05-11,44.37145110044863,45.0346388663972,43.86714927011336,44.69613265991211,1128300
2012-05-14,44.38526027800983,44.481974820395955,43.804970388419456,44.046756744384766,674800
2012-05-15,44.08130139659413,44.10893224158293,43.54936876027227,43.7427978515625,708900
2012-05-16,44.102018325186116,44.240183069721276,43.90858926400088,44.012210845947266,652000
2012-05-17,43.901695262983615,43.901695262983615,42.008846282958984,42.008846282958984,1838800
2012-05-18,42.15390192025085,42.195352133063295,41.33873284851878,41.55979537963867,1072900
2012-05-21,41.55979252933387,42.56148353711288,41.47689474466761,42.49930953979492,770500
2012-05-22,42.67202715117738,42.86545624983219,42.24371873189579,42.78255844116211,820000
2012-05-23,42.56840609801654,43.134879330969895,42.16773113007896,43.045074462890625,599000
2012-05-24,43.17632779602969,43.17632779602969,42.36806820461949,42.80328369140625,1142200
2012-05-25,42.49241206566712,42.87927289741081,42.485505012990366,42.768741607666016,796100
2012-05-29,42.98288300336881,43.76350882761954,42.865442064283485,43.735877990722656,761000
2012-05-30,43.2799474483456,43.362845251048526,43.12105625986068,43.2177734375,819700
2012-05-31,43.286864416887205,43.701356160629075,43.02435157370443,43.52174377441406,1029300
2012-06-01,43.02433379183943,43.02433379183943,42.10554317334527,42.195350646972656,1265200
2012-06-04,42.202256808334475,42.33351185527466,41.77394850781165,42.23679733276367,1056600
2012-06-05,41.974286966670164,42.057187392295056,41.020955789443086,41.55979537963867,2018700
2012-06-06,42.09962420523899,42.40610894801668,41.674729492351005,42.39217758178711,1187000
2012-06-07,42.71956491613006,42.99818431412387,42.30163183343408,42.3155632019043,1336400
2012-06-08,42.23198058864853,42.92853311783623,42.127496646415565,42.90763473510742,1094200
2012-06-11,43.297714710734745,43.297714710734745,42.315575533043436,42.378265380859375,856400
2012-06-12,42.53846825037466,42.87978020299052,42.127502098680004,42.82405471801758,668100
2012-06-13,42.60114322305759,42.942455056543245,42.14141876104079,42.3225212097168,568700
2012-06-14,42.496674527986386,42.851917855116824,42.14839821511041,42.33646774291992,847600
2012-06-15,42.53149892702005,42.914602291494184,42.454877722697816,42.80315399169922,900300
2012-06-18,42.65687955870148,43.19322268678205,42.48274142027251,43.07481002807617,574800
2012-06-19,43.10962672798951,43.847973213437605,42.95638435284416,43.56935119628906,803400
2012-06-20,43.47880535337737,43.743496044811536,43.11660039516668,43.50666809082031,604700
2012-06-21,43.62507897780775,43.67383743482594,42.44790368287438,42.49666213989258,713600
2012-06-22,42.77528662797793,42.949424743652344,42.32252646436974,42.949424743652344,2345900
2012-06-25,42.43398639518943,42.43398639518943,41.92550327675851,42.04391860961914,721900
2012-06-26,42.1205291791826,42.1553562716422,41.53542499159607,41.89763259887695,1090100
2012-06-27,39.34826067648991,40.936399880671416,38.71439786630014,40.76922607421875,2803200
2012-06-28,40.497555151446605,41.59114218096794,39.93334942138036,41.54935073852539,1425000
2012-06-29,42.28073429050411,42.28073429050411,41.660803034499715,41.96728515625,1648500
2012-07-02,42.155362686578336,42.25287962315946,41.38915325018604,41.91156768798828,988200
2012-07-03,41.98122032416943,42.45487624610844,41.63990842327865,42.190185546875,495700
2012-07-05,42.14143962166939,42.928544940419805,41.89068021696039,42.83102798461914,881100
2012-07-06,42.42004113688362,42.68472912896919,42.127487754662106,42.46879959106445,621200
2012-07-09,42.35039149402547,42.52452961913013,42.043909350410566,42.113563537597656,778400
2012-07-10,42.204120781281716,42.204120781281716,40.90853256185864,41.31253433227539,1408100
2012-07-11,41.26375883647276,41.6050679706405,41.04085965906576,41.4100341796875,1029300
2012-07-12,41.14535195744159,42.00907814250885,40.95031812670952,41.486663818359375,1550500
2012-07-13,41.667774483905724,42.761361805160696,41.598120289829005,42.691707611083984,1173100
2012-07-16,42.41307594565694,42.92155888760993,42.30859467812874,42.594181060791016,996600
2012-07-17,42.67079402155529,43.59720988404605,42.61507121757799,42.914588928222656,1407000
2012-07-18,42.83797557015614,44.579356690894194,42.70563156154927,43.7783203125,1645800
2012-07-19,43.72260386474097,45.38736669056542,42.35736150500392,44.83708953857422,2834400
2012-07-20,44.58631970700296,45.380389001743445,44.20321376906985,44.47486877441406,1535400
2012-07-23,44.23805574862519,44.27984986241502,43.7504710400974,44.084815979003906,858000
2012-07-24,44.06391684290591,44.45398726022062,43.37433124851385,43.78529739379883,1279500
2012-07-25,43.938526223113286,44.098732954636866,43.34645509481847,43.701698303222656,674900
2012-07-26,44.43309487909226,44.49578472486238,43.7574379476962,44.28681945800781,610900
2012-07-27,44.63509162196201,45.14357204098966,44.460953472982084,44.983367919921875,716800
2012-07-30,44.89280619718488,45.16446124521487,44.600255424579316,44.816184997558594,497900
2012-07-31,44.71865522951371,45.03210695094078,44.54451981283667,44.600242614746094,497100
2012-08-01,44.71867112454683,44.79529232940104,44.0081898691318,44.049983978271484,488400
2012-08-02,43.785295527400784,44.147503187224075,43.60419036892053,44.105709075927734,452800
2012-08-03,44.80226551630272,45.20626732224403,44.73957832966091,45.157508850097656,590000
2012-08-06,45.15749721573986,45.40128951366118,44.711704066891286,44.739566802978516,515200
2012-08-07,45.032120748389815,45.26894605048624,44.89977407117481,45.08087921142578,795300
2012-08-08,44.92067352910954,45.2480540856741,44.802260868221104,45.11570739746094,493800
2012-08-09,44.913712700374155,45.08785084538848,44.4191583491092,44.74653625488281,407100
2012-08-10,44.69775790063813,44.81617051113975,44.293758965657005,44.66989517211914,557500
2012-08-13,44.7186626933269,44.77438816167338,44.098734129360125,44.62811279296875,641600
2012-08-14,44.94852909268121,45.1644586532685,44.00818434082954,44.13356399536133,722200
2012-08-15,43.98032250806628,44.23108182227936,43.98032250806628,44.19625473022461,422500
2012-08-16,44.16144438659233,44.73261741574787,43.95247644073821,44.59330368041992,426300
2012-08-17,44.711706605719286,45.241082678615136,44.39825744978157,45.19929122924805,746700
2012-08-20,45.14356878688382,45.14356878688382,44.57936292542663,44.899776458740234,518300
2012-08-21,45.00425400457354,45.00425400457354,44.52363111580286,44.66294479370117,668900
2012-08-22,44.655975137936935,44.73956333972812,44.37735311290608,44.460941314697266,492700
2012-08-23,44.46791406176299,44.59329107383828,44.23805044916133,44.3494987487793,486000
2012-08-24,44.30073247751379,44.760459621708364,44.15445710825366,44.37735366821289,470800
2012-08-27,44.48183757710414,44.55845876777552,44.112665648018286,44.154457092285156,681000
2012-08-28,44.16142620159621,44.50273541262147,44.063906627023705,44.23804473876953,435200
2012-08-29,44.245016218371674,44.32860177645049,43.84101448290627,43.8967399597168,736700
2012-08-30,43.757435301060724,44.251987022702714,43.625091260056315,44.09874725341797,561700
2012-08-31,44.43308773040443,44.43308773040443,43.785293647380364,43.994258880615234,629300
2012-09-04,43.77134912739215,43.79224484729684,42.83100453177287,43.17231369018555,1224600
2012-09-05,42.93708768402112,43.2530575604248,42.79665513977061,42.9019775390625,770900
2012-09-06,43.154777280544764,43.87098120564319,43.14073375120605,43.79374313354492,621600
2012-09-07,44.38354721061064,44.38354721061064,43.60414893174803,43.70245361328125,484200
2012-09-10,43.71648820914185,44.137785891308894,43.64627326804483,43.807769775390625,388200
2012-09-11,43.82883998962372,44.130769100868314,43.60414893174803,43.70245361328125,477700
2012-09-12,43.849898481872636,44.10969696711423,43.667335357140985,43.885005950927734,374300
2012-09-13,43.85693066590181,44.383550878542884,43.53393757832889,44.24311828613281,616100
2012-09-14,44.23608893269711,45.015487118647265,44.16587398992957,44.34843444824219,912200
2012-09-17,44.06757204547978,44.229071245184116,43.428606384076154,43.59712600708008,819900
2012-09-18,43.526933090517424,43.604168500018616,43.25308822971724,43.477779388427734,671300
2012-09-19,43.47775446561726,43.96224667516618,43.28817358543452,43.77266311645508,872900
2012-09-20,43.75862533312342,43.96225244273455,43.519890747706945,43.90607833862305,714900
2012-09-21,43.99032979736559,44.08863177936188,43.604139613054265,43.61818313598633,1071000
2012-09-24,43.53392856235907,43.90607257842436,43.40051910038979,43.77266311645508,842600
2012-09-25,43.91310216613046,43.94118921865007,43.407545934892454,43.449676513671875,541200
2012-09-26,43.50584594315118,43.61819146954392,43.09157131235383,43.16178894042969,602700
2012-09-27,43.372436919674286,43.372436919674286,42.656233177007266,42.82475280761719,797500
2012-09-28,42.65623640510123,42.916034955029,42.4034582793212,42.852840423583984,989100
2012-10-01,42.901981021656155,42.95815511532753,42.53686012690509,42.69835662841797,938900
2012-10-02,42.83177323123363,42.86688070637317,42.656233177007266,42.82475280761719,475100
2012-10-03,42.9300776726717,43.1196612634333,42.803688612163974,42.8317756652832,758000
2012-10-04,42.97220106414124,44.25013230348238,42.838788923405914,43.92713928222656,997500
2012-10-05,44.13076613267825,44.36248027720009,43.87799071846603,43.93416213989258,925600
2012-10-08,43.81479750150983,44.24311297305799,43.71649282365777,43.82883834838867,397700
2012-10-09,43.807788035862345,43.9622641849003,43.323298311874325,43.421600341796875,507700
2012-10-10,43.37244163126063,43.456700116454336,42.937102999476046,43.05646896362305,545800
2012-10-11,43.37243615176655,43.674365253972546,43.07050704956055,43.07050704956055,570800
2012-10-12,43.14071134407548,43.611159957720425,43.00028148068578,43.0353889465332,439400
2012-10-15,43.12668066504389,43.246049298706346,42.691342066131625,43.08455276489258,627900
2012-10-16,43.20391478210751,43.639256019868355,43.09156926106276,43.51286697387695,784300
2012-10-17,43.660319719451024,43.75160129182034,43.175830164927994,43.5760612487793,979800
2012-10-18,44.93823599936099,45.345490048798446,41.799580221651794,43.44263458251953,3368200
2012-10-19,43.57605971817006,43.78670722671462,42.86687646921835,43.21795654296875,1211800
2012-10-22,42.8247486695627,43.084547174725984,42.403450973011225,42.78963851928711,1586400
2012-10-23,42.480681655253406,43.260079714186986,42.22790361683949,43.154754638671875,1260500
2012-10-24,43.330302907956984,43.38647700655073,42.480689755690015,42.54388427734375,640500
2012-10-25,42.8668864138504,43.1547720339708,42.564957266098645,42.747520446777344,758000
2012-10-26,42.67729420365407,43.21093743193202,42.50175416144947,43.00028991699219,692200
2012-10-31,43.00731441358145,43.99736023824683,42.81071040481998,43.94118881225586,682900
2012-11-01,43.88501539494293,45.17698767678243,43.751605912412664,44.65739059448242,1519800
2012-11-02,44.769728808648075,45.21209044150829,44.03246120623328,44.10969924926758,560200
2012-11-05,43.962246343100446,44.446735870461445,43.906072246782934,44.32034683227539,443600
2012-11-06,44.36949966665874,45.14890055346896,44.151831730725654,44.882076263427734,714500
2012-11-07,44.51696937386295,44.636335353333195,43.870980428373855,44.13780212402344,717600
2012-11-08,44.03948563333032,44.137787626141225,43.358389428099905,43.36540985107422,938100
2012-11-09,43.21796664554777,43.93417048484093,43.18987959023532,43.37946319580078,603800
2012-11-12,43.39350230629342,43.60414984263621,43.04242218621252,43.08455276489258,475200
2012-11-13,42.909007139322746,43.37243273057958,42.705380053240454,42.73346710205078,519900
2012-11-14,42.93709790219714,43.042420326553675,42.27004516715786,42.36834716796875,827700
2012-11-15,42.19983270099187,42.803690983870425,42.13663816723646,42.417503356933594,666400
2012-11-16,42.48069269439957,42.66325317040142,42.080461589081736,42.36834716796875,817100
2012-11-19,42.92304021646011,43.063472747802734,42.58600374835446,43.063472747802734,517300
2012-11-20,43.084550937563016,43.43563104275368,42.82475240970994,43.42860794067383,540600
2012-11-21,43.51989287808355,43.744583948471174,43.33030928521984,43.709476470947266,332800
2012-11-23,43.84991645356998,44.21504017414945,43.40755466229668,44.193973541259766,156400
2012-11-26,44.0535248302526,44.207998227268725,43.69542168758689,44.074588775634766,446200
2012-11-27,44.13779255838516,44.4607856218653,43.821819918663834,44.06055450439453,935300
2012-11-28,43.793732277850836,44.846972610410695,43.793732277850836,44.82590866088867,482900
2012-11-29,44.825905791756966,45.226139556758696,44.60823517268986,45.212093353271484,722500
2012-11-30,45.268269748701975,45.7457389073967,45.141880696192864,45.70360565185547,1042500
2012-12-03,46.026606242162096,46.97452150231592,45.212097785873894,45.39466094970703,1227600
2012-12-04,45.14890238400331,45.55615122305801,44.98038008123193,45.38763427734375,1106900
2012-12-05,45.65298133785497,45.70958893689654,44.9454052442276,45.44778823852539,829200
2012-12-06,45.433619552262876,45.4902271337525,45.058603772087274,45.2779541015625,459300
2012-12-07,45.31334201275095,45.440706398669505,45.044461342567494,45.32041931152344,531900
2012-12-10,45.24965326455228,45.45484901285149,44.92416774733455,45.03738021850586,618700
2012-12-11,45.31334407314266,45.31334407314266,44.82511300518887,44.91709899902344,609700
2012-12-12,45.13645137019599,45.440710463865514,44.570388881694164,44.68360137939453,771200
2012-12-13,44.711896407240324,45.00200356189891,44.50670063872461,44.577457427978516,632000
2012-12-14,44.48547600908026,44.73313019528792,44.195368824641804,44.23074722290039,891600
2012-12-17,44.57039062353864,45.00201143219014,44.31566181895811,44.803890228271484,827400
2012-12-18,44.85341372218915,45.171824679592,44.768505033281244,45.04446029663086,967200
2012-12-19,45.09399901365009,45.447791131784925,44.98786380748879,45.2850456237793,531800
2012-12-20,45.28505197827481,45.773283172403225,45.05862693431939,45.75912857055664,584100
2012-12-21,45.05862158400024,45.94309515042738,45.05862158400024,45.36288070678711,1391200
2012-12-24,45.27795884104059,45.36286752296481,44.499620709273856,45.15766906738281,219600
2012-12-26,45.171834674079676,45.306273686195695,44.67652893066406,44.67652893066406,458900
2012-12-27,44.69775869211198,45.065700051216446,44.40765144540261,44.973716735839844,632200
2012-12-28,44.79680578595911,44.9878523474217,44.336878578823416,44.42178726196289,476300
2012-12-31,44.29442076270783,45.030303179142926,44.29442076270783,44.987850189208984,551700
2013-01-02,45.7803450067747,46.12706249657939,45.58930111105182,46.098758697509766,725700
2013-01-03,46.311021904264344,46.643584743713,46.18365752742011,46.2756462097168,580900
2013-01-04,46.43132073832052,46.48792293702558,45.68836087194164,46.438392639160156,664300
2013-01-07,46.31809950306041,46.31809950306041,45.978464761536685,46.141204833984375,525500
2013-01-08,45.992614221313346,46.33932626312288,45.61759838448307,46.0916748046875,832300
2013-01-09,46.10583283232979,46.516224394677316,46.09167823456765,46.5020751953125,494200
2013-01-10,46.72849380750439,47.05397933252328,45.97846218021724,46.44546127319336,643700
2013-01-11,46.40302064253514,46.495003946368634,45.81572892212634,46.02092742919922,528600
2013-01-14,46.105834425362865,46.35348591078383,45.96431543483838,46.20489501953125,427500
2013-01-15,46.127053046091305,46.49499156181805,45.9855340797375,46.44546127319336,323500
2013-01-16,46.22611825081507,46.339328036834424,46.12705766364922,46.21196365356445,343000
2013-01-17,46.41007434996811,46.62235007362529,46.28978729248047,46.28978729248047,483600
2013-01-18,46.41715164699559,46.49498571911017,46.15535103933376,46.28978729248047,975000
2013-01-22,46.30396127945276,46.74973400775525,46.119989268458866,46.74265670776367,614200
2013-01-23,46.678976497624454,46.99031291177104,46.410093085989466,46.615291595458984,393100
2013-01-24,46.79925125624641,47.322857943201655,46.57990360327799,47.12473678588867,499300
2013-01-25,47.30871196525355,47.407772550651806,47.02567940765981,47.39362335205078,439400
2013-01-28,47.36533467397197,47.40071038096386,46.94786030363722,47.167213439941406,540000
2013-01-29,47.428998137637585,48.412532072645135,47.30163375908425,48.2851676940918,1319500
2013-01-30,48.32762951805232,48.4125355108532,47.78279087172591,47.83232116699219,659200
2013-01-31,47.775710961331306,48.21441169427893,47.485606504457216,48.13657760620117,1093500
2013-02-01,48.476220360958024,48.830009726374804,48.27102188120862,48.780479431152344,751200
2013-02-04,48.490375247064506,48.653120749537266,48.39839194469168,48.5399055480957,1055400
2013-02-05,48.74509554029286,49.15549247626023,48.5682008677273,48.96444320678711,601800
2013-02-06,48.96444844732125,49.11304473876954,48.72387425811464,49.11304473876953,485400
2013-02-07,49.318233246213204,49.58003930871881,48.94321739883832,49.176719665527344,802200
2013-02-08,49.226252179434354,49.52343395132016,49.226252179434354,49.47390365600586,533100
2013-02-11,49.473916628298205,49.60835835014426,49.15550827470344,49.45269012451172,417500
2013-02-12,49.43853394807461,49.69326275438002,49.41730204888418,49.66495895385742,659400
2013-02-13,49.672014316412906,49.969201423749894,49.452666683394135,49.912593841552734,600700
2013-02-14,49.91967923680606,50.146104203928765,49.78523755687797,50.08949661254883,581600
2013-02-15,50.18148685062968,50.54943084716797,50.12487925140875,50.54943084716797,837200
2013-02-19,50.17441858410666,50.17441858410666,48.32056006331293,48.64604568481445,2307900
2013-02-20,48.674330899750046,49.275771609780826,48.646027108897336,48.82292175292969,925300
2013-02-21,48.7663203202692,48.80877871109999,48.32762500272649,48.568199157714844,907500
2013-02-22,48.82294140412225,49.23333843907683,48.71680349530319,49.226261138916016,476100
2013-02-25,49.43853516121484,49.48098816384148,48.53282971746106,48.70972442626953,877600
2013-02-26,48.92907431811949,49.12011821577284,48.55405842385339,49.00690841674805,798100
2013-02-27,48.985652415637695,49.877197265625,48.82290701695427,49.877197265625,770900
2013-02-28,49.94091101741696,50.57065569255001,49.7923201231224,50.25931930541992,1765900
2013-03-01,50.096573122613904,50.35130188141746,49.83476706539997,50.23808670043945,1134900
2013-03-04,50.23810134617415,50.9386029379002,50.12488613219091,50.92445373535156,771600
2013-03-05,51.15087421823981,51.66740374052928,51.10134391612441,51.490509033203125,640100
2013-03-06,51.47411365213328,51.78063469990642,51.331547999530855,51.766380310058594,695500
2013-03-07,52.222594814569675,52.27961781018801,51.65945126404116,52.18695068359375,1556200
2013-03-08,52.4079248750681,53.26333500327917,52.19407642191312,52.700191497802734,2032100
2013-03-11,52.52911350146138,53.71955345881534,52.45070076764471,53.541343688964844,1319900
2013-03-12,53.52709038093954,53.819357049584596,53.46293746647476,53.776588439941406,670000
2013-03-13,53.91200452303574,54.04031574370481,53.641127696525146,53.9975471496582,869600
2013-03-14,54.08310352907194,54.57495880126953,53.92627805964957,54.57495880126953,1070300
2013-03-15,54.26130171261565,54.60346135598131,53.97616505079128,54.07596206665039,1050100
2013-03-18,53.59837715288351,54.27557216648459,53.53421880167764,53.97618103027344,570200
2013-03-19,53.997558190513146,54.17576795351814,53.39164608400224,53.9619140625,699900
2013-03-20,54.28982476747018,54.703267284017016,54.261310552789304,54.63911437988281,487700
2013-03-21,54.41813143286023,55.13810040893391,54.36823291601535,55.03830337524414,1002800
2013-03-22,55.252153113039064,55.44461725252512,54.51792980389852,55.17374038696289,575500
2013-03-25,55.444618911335056,55.58718998052543,54.32546185120906,54.418128967285156,858900
2013-03-26,54.560711102209254,55.180883142274666,54.304088564149865,55.10247039794922,1751100
2013-03-27,54.76742930185083,55.188001759923,54.731785171475245,55.145233154296875,491200
2013-03-28,55.13096409248045,55.686983065142364,54.95988426010052,55.6014404296875,556600
2013-04-01,55.152365207755665,55.33769946501287,54.639120166207526,54.97415542602539,527800
2013-04-02,55.373339528423344,55.75827328130288,55.0953327244321,55.608577728271484,751200
2013-04-03,55.7654004761651,55.79390925185029,54.35397678441644,54.61772918701172,898900
2013-04-04,54.767439909787065,55.26642520050969,54.67476732827302,55.24504089355469,372500
2013-04-05,54.69614844764764,55.17374935609297,54.54644744550836,54.93138122558594,611300
2013-04-08,54.924243644287834,55.51589584350587,54.91711373195134,55.51589584350586,461200
2013-04-09,55.601444748306804,55.601444748306804,54.77454885694004,55.209381103515625,764800
2013-04-10,55.34481796185271,55.77965017465444,55.10957979324918,55.6014404296875,1020400
2013-04-11,55.62995464150579,55.77252026206742,55.373332173670995,55.6014404296875,1256300
2013-04-12,55.37333857432819,55.64421546011813,55.081071948304704,55.416107177734375,794500
2013-04-15,55.09533016233219,55.20938158092024,53.76231919704564,53.812217712402344,1059500
2013-04-16,54.111614223814485,54.28269407090081,53.81934760645048,54.19002151489258,1315700
2013-04-17,53.961919875665544,54.03320813937152,52.85702248912532,53.66965866088867,1145200
2013-04-18,53.897751397064866,54.3468379606339,53.12075414304677,53.67677307128906,1027900
2013-04-19,52.3437693946024,53.334615196155085,51.23174226503941,52.50772476196289,2965500
2013-04-22,52.66454034754367,52.685930084684465,51.40994769509973,51.97309112548828,1295200
2013-04-23,52.2154610325813,52.99958290918702,52.2154610325813,52.8641471862793,910600
2013-04-24,53.01385265894278,53.27759967928302,52.5718904020979,52.89266586303711,810000
2013-04-25,53.14216488912937,54.28270652901457,52.8926668166435,53.833614349365234,771500
2013-04-26,53.854993076871274,53.983304325018224,53.356002472508536,53.4914436340332,446500
2013-04-29,53.71955882324047,53.83361025929804,53.41303777094726,53.59124755859375,405300
2013-04-30,53.59123716096174,54.425257500085394,53.0494779888384,54.41100311279297,1389800
2013-05-01,54.31122358495658,54.3254779768417,53.120777917605906,53.19206619262695,753900
2013-05-02,53.29185335737064,54.211416461393625,53.25620922647773,54.118743896484375,521000
2013-05-03,54.52505242771913,55.25215123783393,54.52505242771913,54.95988464355469,653100
2013-05-06,55.00267853164773,55.33770840707237,54.82446872112041,55.10960006713867,463300
2013-05-07,55.330580802727034,55.80818176269531,55.15237100227336,55.80818176269531,576200
2013-05-08,55.701257570269306,55.82956885053087,55.337708036439594,55.49453353881836,553100
2013-05-09,55.50877298586036,55.63708421900497,55.145223585529,55.35907745361328,659000
2013-05-10,55.42323521993449,55.65847340778726,55.25215537355532,55.50164794921875,664700
2013-05-13,55.515902984772005,55.80103969108435,55.095330557822294,55.5301628112793,437100
2013-05-14,55.66560805000266,56.2715256939692,55.373346818994165,56.243011474609375,530300
2013-05-15,56.25013584142948,57.08415628095709,56.23587601389031,57.0770263671875,367800
2013-05-16,56.948726013998446,57.298015716144455,56.63507501046143,56.92021179199219,702900
2013-05-17,57.01287526799115,57.93243294781038,56.89168848418559,57.91817855834961,726300
2013-05-20,57.818395866444895,58.36015525543828,57.818395866444895,57.89680862426758,418800
2013-05-21,58.03222671426676,59.1014852347883,58.03222671426676,58.90901565551758,494600
2013-05-22,58.96604408648932,60.070941294663626,58.260334985678114,58.531211853027344,881700
2013-05-23,58.02511268516766,58.93754600228456,57.86828718906353,58.43143081665039,502500
2013-05-24,58.06074321501351,58.23895299214803,57.76135209467491,58.02510452270508,468600
2013-05-28,58.67378074562125,58.95891745469023,57.85402018502721,58.3743896484375,508000
2013-05-29,58.053612205033524,58.18192344766862,56.59229002160766,56.73485565185547,1080900
2013-05-30,56.90595647087142,57.148319196168686,55.84382211297931,55.97926330566406,1098000
2013-05-31,55.83668505250688,56.67070545011025,55.41610717773438,55.416107177734375,887600
2013-06-03,55.694127655205044,55.694127655205044,54.582100185290756,55.24504089355469,1069000
2013-06-04,55.273544953969385,55.65847872398703,54.5321916308092,54.753170013427734,875400
2013-06-05,54.851517652118446,55.05969159650994,53.93983517036899,54.083404541015625,680700
2013-06-06,54.241322887195324,54.55718200930505,53.925469241904885,54.48539733886719,653700
2013-06-07,55.12429473536259,55.67704276754876,54.75100565557319,55.6124382019043,618700
2013-06-10,55.82780520982278,56.07905985059383,55.490416604987594,55.942665100097656,606100
2013-06-11,55.25353146285193,55.84935492081063,55.22481648546359,55.49760055541992,341200
2013-06-12,56.81128357393831,56.81128357393831,55.4617124606471,55.59092712402344,569000
2013-06-13,55.68423155565607,56.48823429549114,55.49041235169953,56.437984466552734,411900
2013-06-14,56.32311312631525,56.78972171542497,56.0000793598344,56.452327728271484,398300
2013-06-17,56.73948169995582,57.062515522249306,56.394907542931726,56.689231872558594,373600
2013-06-18,56.79691666517592,57.206095432140835,56.35902292618284,57.17020034790039,430900
2013-06-19,57.17018987690631,57.27068952218748,56.35901260375976,56.359012603759766,351900
2013-06-20,55.94984423207701,55.992913951764905,54.794092621337214,54.89459228515625,752900
2013-06-21,55.332485371791336,55.61962961223779,54.25569857773281,54.77973175048828,851500
2013-06-24,54.24852020718493,55.1314878164608,53.93984109723885,54.52848434448242,608400
2013-06-25,55.03815971779539,55.59808796117463,54.68641090689677,55.490413665771484,400700
2013-06-26,55.971363243997686,55.99289809774418,54.99507637748121,55.0596809387207,798200
2013-06-27,55.35400277963487,55.74164656049996,55.17453837053913,55.52628707885742,465500
2013-06-28,55.461677530800664,56.28003472450752,55.18171351594404,56.04314041137695,1044100
2013-07-01,56.071866877253456,57.30658303040117,55.72011812840269,57.26350784301758,976800
2013-07-02,59.27351426463043,60.30005106734978,58.16083256015966,59.7473030090332,5767000
2013-07-03,60.31440540518152,60.47951509655152,59.40272847762182,59.481693267822266,1203100
2013-07-05,59.99137263055897,60.16365695900833,58.96483581731393,60.113407135009766,1040200
2013-07-08,60.838442944337245,61.211726556141876,59.69705177637897,60.070335388183594,1419000
2013-07-09,60.4149236341224,60.75949235990816,59.797565400533344,60.034454345703125,1396300
2013-07-10,60.034458783652475,60.106248960584196,59.424280617483696,59.941139221191406,1025300
2013-07-11,60.53694982844142,60.917413587658544,60.30005543906534,60.87434387207031,788000
2013-07-12,60.82408992953603,61.068158937115975,60.32158621545139,61.03944396972656,642300
2013-07-15,61.19738615145684,61.312246044662174,60.572847805000436,60.67334747314453,700100
2013-07-16,60.74512620237233,60.98201510304904,60.06315803777422,60.43644714355469,587800
2013-07-17,60.666153373065974,61.01790209871383,60.07033019107717,60.39336395263672,856800
2013-07-18,59.582214049650176,60.73796586875903,58.218282753149225,59.10842514038086,2099400
2013-07-19,59.015102122482745,59.409926190462755,58.383389090536305,59.15149688720703,1087900
2013-07-22,59.13710588080484,59.25196572327815,58.39771344454385,58.74946212768555,1130300
2013-07-23,58.97922932697349,59.24483334223385,58.56287027781226,58.6346549987793,1056400
2013-07-24,58.80690462307914,59.12276378059934,58.11058174044774,58.35465621948242,1046400
2013-07-25,58.19670618375035,58.81406405999161,58.01724181221087,58.79970932006836,917700
2013-07-26,58.47669813623133,58.94330682078943,58.33312876105372,58.936126708984375,385100
2013-07-29,58.900235297079064,59.27351894718426,58.47669634270042,58.53412628173828,472200
2013-07-30,58.8858789505383,59.25198798998111,58.72794934619745,58.7423095703125,374200
2013-07-31,58.93614255499994,59.39557125127845,58.77103827683657,58.857177734375,530600
2013-08-01,59.33813424769397,60.32877613805117,59.244809219295504,60.278526306152344,488400
2013-08-02,60.249784859406375,60.716393365900984,59.81907142141848,60.70921325683594,642000
2013-08-05,60.515420991426936,60.78102489974028,60.04163216553674,60.572845458984375,472000
2013-08-06,60.40772726941447,60.73076104753179,59.60372466418914,59.81908416748047,697000
2013-08-07,59.7616720831246,59.819102031395346,59.036634047465014,59.35249328613281,827000
2013-08-08,59.7903900322499,59.92678479697419,59.02946234867561,59.15149688720703,776200
2013-08-09,59.201728265225654,59.71858671057265,59.0509787981361,59.28069305419922,846200
2013-08-12,59.036620146360626,59.366834055931385,58.491052196715046,58.61308670043945,824400
2013-08-13,58.81409715578254,58.90024207425132,58.282883850611064,58.555667877197266,635900
2013-08-14,58.61309186357938,58.61309186357938,57.809089136744554,57.87369918823242,580900
2013-08-15,57.54349721127766,57.55067184762955,56.4882451244556,56.531314849853516,864700
2013-08-16,56.19390247203562,56.524116372050635,55.84933382715902,55.87086868286133,2428300
2013-08-19,55.91393673385197,56.158011203809764,55.77754201602792,56.10776138305664,789700
2013-08-20,56.229796527927256,57.46451268274776,56.229796527927256,57.234798431396484,776100
2013-08-21,57.14866218889692,57.385556586837794,56.57437373512885,56.660518646240234,590800
2013-08-22,56.696405576629274,57.119939005851855,56.36618620325802,56.96200942993164,364600
2013-08-23,57.10558926938466,57.14865898411479,56.574370562551664,57.012264251708984,381600
2013-08-26,57.06969418922935,57.385553368771106,56.84716002736328,57.012264251708984,385800
2013-08-27,56.2297983660638,56.50258233695449,55.842154527332845,55.87804412841797,572000
2013-08-28,55.92112519073134,56.02880495893633,55.20326737179209,55.46169662475586,672600
2013-08-29,55.418623499741756,55.80626739365524,55.282234233290865,55.490413665771484,425600
2013-08-30,55.6626902916544,55.6626902916544,54.95201265650147,55.2822265625,498700
2013-09-03,55.84934283334672,56.04316204274234,55.05969481812559,55.35401916503906,629900
2013-09-04,55.25859419204424,55.836912101358166,55.2296774692834,55.7357063293457,492900
2013-09-05,55.70677656933803,56.79112860024058,55.62003193665759,56.61763381958008,614500
2013-09-06,56.97186464912557,57.23934018587335,56.26342427765409,56.863433837890625,726500
2013-09-09,56.92850270947167,58.07791364064191,56.92850270947167,57.99116897583008,699300
2013-09-10,58.273092964389186,58.6634604536972,58.17188719108351,58.50442123413086,814700
2013-09-11,58.547798545324724,58.84419084616665,58.34538698148218,58.56948471069336,461900
2013-09-12,58.489967289005996,58.7140650054953,57.83935478837444,57.99839401245117,551600
2013-09-13,58.18633255138324,58.2586215888322,57.43451442825398,57.68753433227539,793100
2013-09-16,58.410433075439244,58.43934427686124,57.608012111134265,57.75259017944336,625700
2013-09-17,57.75259688339911,58.09236145019531,57.709224560931645,58.09236145019531,282000
2013-09-18,58.11403087585945,59.133324282713865,57.54293822819829,58.97428512573242,492500
2013-09-19,59.23457065604297,59.58156040452196,58.86588922239425,59.09721755981445,337000
2013-09-20,59.16226216537254,59.610463126734935,58.75020848882857,58.77912521362305,687300
2013-09-23,58.77191787961924,58.916496031858436,58.04178552561444,58.605648040771484,427400
2013-09-24,58.64177864922434,58.858645815870844,58.236950010608325,58.439361572265625,506200
2013-09-25,58.56947801472056,58.938159329742156,58.258630144271145,58.51165008544922,519000
2013-09-26,58.54778064027557,58.91646188469687,58.063438044159206,58.338138580322266,463700
2013-09-27,58.02730546133452,58.186344686069674,57.8971829606695,58.11405563354492,453200
2013-09-30,57.7164494662971,58.4827287582903,57.60801866038805,58.47549819946289,744700
2013-10-01,58.36706619541538,58.76466423082522,57.926095834433866,58.69237518310547,725100
2013-10-02,58.439346339819416,58.742969118466306,57.75982277641917,58.721282958984375,438400
2013-10-03,58.81526183813109,58.865864718524286,57.311625513161495,57.36222839355469,895400
2013-10-04,57.297165648725986,58.30922869660326,57.16704317806605,58.301998138427734,522700
2013-10-07,57.78150686578697,58.27308001919915,57.44897289661105,57.46342849731445,492800
2013-10-08,57.514042917548196,57.636940367045334,56.56704369534038,56.58872985839844,486400
2013-10-09,56.704379345372594,56.83450179908612,56.140517217713736,56.58148193359375,451800
2013-10-10,57.275472499236955,58.352593893335516,57.080286059418896,58.22970199584961,670500
2013-10-11,58.106824394611294,58.28032473700442,57.81043762813332,58.273094177246094,578000
2013-10-14,57.615248968124654,57.868268912498195,57.4056123806794,57.76706314086914,674000
2013-10-15,57.71644429752429,57.71644429752429,56.762214683877446,57.05137634277344,908100
2013-10-16,57.2682510998054,58.2224807490105,57.21764822126043,57.64415740966797,1136100
2013-10-17,57.44899084531196,58.482740350520665,57.224893114946234,58.38875961303711,926800
2013-10-18,56.37186986190685,57.45622227474042,55.26582576796329,56.8562126159668,2957800
2013-10-21,56.87788495256027,56.89234055448397,55.764616084227036,56.45137023925781,992500
2013-10-22,56.59595159809543,56.90679942252135,56.16221185862439,56.530887603759766,704900
2013-10-23,56.45138046843584,56.80560620570619,56.198366024172195,56.67548370361328,653900
2013-10-24,56.89235119801795,57.15259620373366,56.653797872196265,56.99355697631836,602400
2013-10-25,57.19598138604606,57.19598138604606,55.1284821950047,57.17428970336914,570200
2013-10-28,57.2610207923142,57.44174614723829,57.015236956961495,57.16704559326172,519700
2013-10-29,57.362222746491334,57.49234521402102,56.85619399237576,57.46342849731445,586300
2013-10-30,57.52852144391033,57.832138849196,56.74055568413271,57.18152618408203,642000
2013-10-31,57.05862099345043,57.347782723764404,56.66102292485608,56.986331939697266,675400
2013-11-01,57.12367972547728,57.326096798252145,56.632106436483774,57.101993560791016,393500
2013-11-04,57.550176381052076,58.229705408646566,57.20318130953799,58.21524429321289,782800
2013-11-05,57.774282782580144,58.27308654989511,57.34054301397166,57.983924865722656,730000
2013-11-06,58.26585519800851,58.66345319774635,57.92609063737805,58.526100158691406,502300
2013-11-07,58.73575206071877,58.77912438965183,57.39838527070419,57.45621871948242,716800
2013-11-08,57.41283697552788,58.39598347677351,57.23934215627891,58.33092498779297,591700
2013-11-11,58.22970329106008,58.894771179034976,58.20078657654386,58.873085021972656,425400
2013-11-12,58.605618451571566,58.92369684426781,58.41766253631467,58.84417724609375,536800
2013-11-13,58.5477863232806,59.33575176409323,58.453811121200324,59.10442352294922,820100
2013-11-14,59.23455434562708,59.762269384760856,58.95262318438003,59.73335266113281,958800
2013-11-15,59.73337537596133,59.90687578370664,59.285179777543924,59.820125579833984,1612300
2013-11-18,60.00082546105635,60.00082546105635,59.36467411637514,59.58877182006836,606200
2013-11-19,59.52368840502935,59.60320798659528,58.974287406408955,59.19115447998047,1533600
2013-11-20,59.48032051929488,59.595987379379,58.58392441484074,58.73573303222656,876200
2013-11-21,58.84418079085575,59.14779808473737,58.64176926160135,59.024906158447266,1704000
2013-11-22,59.133340892598106,59.43695817831869,58.99598785202434,59.24177169799805,639300
2013-11-25,59.37912725683631,59.516480303235205,58.88032346964085,58.981529235839844,459300
2013-11-26,59.11166945264998,59.256253101514304,58.78636589448419,58.80805206298828,626700
2013-11-27,59.024887773824524,59.20561308512509,58.80801519414432,59.162235260009766,432800
2013-11-29,59.371914255726686,60.21048286970799,59.277939020836605,59.88517379760742,464200
2013-12-02,59.93577307346842,60.16710136010953,59.38636632445777,59.50925827026367,651000
2013-12-03,59.84902044326722,61.36711260679722,59.559858717999326,59.9719123840332,1770800
2013-12-04,59.650303920732675,60.123252589728246,58.79171189892179,59.27193832397461,896200
2013-12-05,59.184614573039156,59.220997797516674,58.391511351395295,58.44972229003906,1006200
2013-12-06,59.04639248699093,59.526619031103934,58.84265967728828,59.46113586425781,1118300
2013-12-09,59.475676998001795,60.02866993601935,59.417471597659336,59.970458984375,675500
2013-12-10,59.87585147637598,60.421566485583234,59.832196052055444,60.232383728027344,562900
2013-12-11,60.166924008006156,60.2251294126532,59.22829316070644,59.388370513916016,853800
2013-12-12,59.25010980533975,59.43201484520002,58.937232914728035,59.002716064453125,544200
2013-12-13,59.21372864271943,59.41018920135143,58.73350220741064,59.02455139160156,540700
2013-12-16,59.25738381772323,59.439288846091685,58.89357376098633,58.89357376098633,1080600
2013-12-17,58.820824937191574,59.05366877253534,58.573436689092695,58.61709213256836,612200
2013-12-18,58.769900039499916,59.47569274902344,58.340606647861776,59.47569274902344,967700
2013-12-19,59.402907656751644,59.61391816305046,59.22100262214589,59.373802185058594,907400
2013-12-20,59.43929597621969,59.72306741041062,59.177352259843204,59.497501373291016,802500
2013-12-23,59.83948720391309,60.1305364112468,59.67213765682499,59.883148193359375,393200
2013-12-24,60.01410798917182,60.32698485265253,59.810369699102345,60.203285217285156,144400
2013-12-26,60.27606463282876,60.49435294930867,60.15964826832797,60.41431427001953,254600
2013-12-27,60.63256701367853,60.756261063171976,60.24692935861118,60.552528381347656,383100
2013-12-30,60.501617431640625,60.654416999128365,60.035940973210955,60.501617431640625,321900
2013-12-31,60.58894042134328,60.85816193295792,60.283341225220106,60.53073501586914,325000
2014-01-02,60.46526279676044,60.487090523680706,59.395659767236275,59.60667037963867,545100
2014-01-03,59.788553303355705,60.24695760366936,59.38836550538401,59.89769744873047,624900
2014-01-06,60.08686999317959,60.50161323366926,59.66484899722844,59.69395446777344,644900
2014-01-07,60.305140298050596,60.66895027812129,59.79580854647152,60.48704528808594,864200
2014-01-08,60.414314364690696,60.43614208611239,59.912254566781655,60.327003479003906,881900
2014-01-09,60.37793153314135,60.698080672209336,59.83221633890266,60.2687873840332,567500
2014-01-10,60.32699581499168,60.74901132857032,59.8249360808649,60.719905853271484,938600
2014-01-13,60.51617333512475,60.71990611178218,59.2501156863951,59.39563751220703,814600
2014-01-14,59.730331044400245,60.297879382642606,59.30103785218061,60.203285217285156,622600
2014-01-15,60.2396775859002,61.02550874154057,59.84676200808001,60.807220458984375,935800
2014-01-16,60.7708399517188,61.5639488993366,60.59621264862846,61.556671142578125,726300
2014-01-17,61.60759594654908,61.60759594654908,60.81449265825099,61.22195816040039,1359000
2014-01-21,61.22921368363637,61.43294636073505,60.79264286823931,61.29469680786133,856800
2014-01-22,61.578493212162215,61.7094650652897,60.96001717567741,61.665809631347656,877500
2014-01-23,61.14190811422305,61.24377447078952,60.75627039989282,61.156463623046875,674000
2014-01-24,60.61077858325856,60.77085040035388,59.904985941486416,59.91225814819336,848700
2014-01-27,60.13054288360363,60.734469082348916,59.76673272310201,60.327003479003906,840500
2014-01-28,60.68353390414183,60.88726669917431,60.334273718870215,60.545284271240234,1356000
2014-01-29,60.12325902496036,60.290614124381676,58.98089545895987,59.17007827758789,696400
2014-01-30,59.65757572113875,59.766719856052326,59.11913835388008,59.72306442260742,805800
2014-01-31,58.99546432014878,60.0796171793492,58.95180332055528,59.846778869628906,824000
2014-02-03,59.63575205236143,59.810379349295694,56.39056656521616,56.572471618652344,1524200
2014-02-04,56.31779687841108,57.06724469357757,55.66293767782358,56.75436782836914,1739100
2014-02-05,56.7252477729063,57.01629684847691,55.91758922506506,56.8052864074707,1058900
2014-02-06,57.14727612885845,58.85718203842718,56.94354341470389,58.64617156982422,1085600
2014-02-07,59.04637466035725,59.46839566807377,58.79170872511488,59.36652374267578,622500
2014-02-10,59.30830643664553,59.766705027992764,59.0245350870544,59.57752227783203,583600
2014-02-11,59.6648605367834,60.55983588740801,59.63575506060922,60.2833366394043,635800
2014-02-12,60.42158143629542,61.05461300208117,60.33426501474863,60.9891242980957,706300
2014-02-13,60.472515446897546,61.87682265914803,60.472515446897546,61.58577346801758,931800
2014-02-14,61.62942289503894,62.56805353048753,61.30199605650385,62.53894805908203,949300
2014-02-18,63.30294948836537,65.48580981555038,63.30294948836537,63.60127639770508,1923900
2014-02-19,63.564889535949305,63.564889535949305,62.70629763431421,62.910030364990234,1141300
2014-02-20,62.77179557515191,63.426654900503884,62.47347416384271,63.3393440246582,663400
2014-02-21,63.40483223387363,63.76136462502435,63.03374432805421,63.48487091064453,542000
2014-02-24,63.63039598315594,64.0669726245663,63.383007734239165,63.39028549194336,657800
2014-02-25,63.43392035299853,63.543064477936845,62.975521689818535,63.09193801879883,852000
2014-02-26,63.113786188266864,63.87051200144113,63.04102526516027,63.412113189697266,664100
2014-02-27,63.25928678374615,63.40480856830388,62.64808307574316,63.150142669677734,618700
2014-02-28,63.33934911175689,64.22704121152691,63.12833855934606,64.0960693359375,811400
2014-03-03,63.1574269026194,63.50668144190255,62.56805084671526,63.28839874267578,756100
2014-03-04,64.0960611213822,64.25613845450954,63.60128471179097,63.979644775390625,743300
2014-03-05,64.17372419557711,64.5545746875736,63.902730661378804,64.15907287597656,594400
2014-03-06,64.47400440596142,64.53992416358685,63.72694920919825,63.78553771972656,523200
2014-03-07,63.97598068072725,64.27627131409123,63.74160982037768,64.07119750976562,486400
2014-03-10,63.93934844937886,64.07850244782247,63.148344887089955,63.39004135131836,595800
2014-03-11,63.54385723311914,63.792873810144826,63.10441259917625,63.309486389160156,447700
2014-03-12,63.03116640777711,63.573153517996765,62.80412122701907,63.558502197265625,513900
2014-03-13,63.800208769007476,63.90274567894342,62.65032577514649,62.650325775146484,818500
2014-03-14,62.62100491619499,63.067775105899166,62.49649665685851,62.56973648071289,865400
2014-03-17,62.99454987097587,63.2801891616475,62.49651113044861,62.81876754760742,673200
2014-03-18,62.93594776855928,63.060456040914644,62.64298285466829,62.87735366821289,493100
2014-03-19,62.965242230490766,63.177641644634846,61.786062551735434,62.18156433105469,698400
2014-03-20,62.02046193458925,62.47455802109317,61.859330884931616,62.31342697143555,598400
2014-03-21,62.62101328337997,62.72355016804477,61.95451794521768,62.02776336669922,1192100
2014-03-24,62.18889614853858,62.489181151484516,61.4638066873973,61.668880462646484,572600
2014-03-25,62.22549957737387,62.291419326533656,61.60295272871392,61.85929489135742,683100
2014-03-26,62.05703900982592,62.31338113305723,61.50040640806708,61.69815444946289,604700
2014-03-27,61.55903042782169,61.63959593256701,61.16352856484699,61.49311065673828,444500
2014-03-28,61.793383386358244,62.533112860665476,61.56633267153655,62.423255920410156,464000
2014-03-31,62.796811700940346,63.63908404845259,62.51849800179986,63.60978698730469,739400
2014-04-01,63.551192721558344,63.668380965885426,62.98723966230262,63.57316970825195,770800
2014-04-02,63.71962356567383,64.07850263955174,63.37539022247142,63.71962356567383,883900
2014-04-03,64.23963692756092,64.41541364393161,63.84413512484607,64.16639709472656,690200
2014-04-04,64.51797499217666,64.5838947782126,62.987241230484265,63.206966400146484,545000
2014-04-07,62.91398740682209,63.19962671128261,61.668887701477445,62.02044677734375,621200
2014-04-08,61.93255119160836,63.18497088052004,61.77874585309376,63.119056701660156,647900
2014-04-09,63.36806708013701,63.84413436969101,62.90665110968123,63.76356887817383,657900
2014-04-10,63.74161114096262,63.95401061065518,62.58440254933094,62.59172821044922,655600
2014-04-11,62.08636499589651,62.606380776624995,61.85199412603454,61.92523956298828,518700
2014-04-14,62.525815916051414,62.57708436974646,61.588326839018336,62.16693115234375,442200
2014-04-15,62.31340532452148,62.518479102720775,61.31732789797516,62.40129089355469,440000
2014-04-16,63.69033270457177,64.15907436150114,63.536527372251946,64.0199203491211,1078900
2014-04-17,64.01261175886145,64.6571303120474,63.83683498760035,63.954017639160156,936100
2014-04-21,63.91740450393709,64.62052287012325,63.507256780198205,64.41544342041016,847100
2014-04-22,64.59121953690116,65.22109238742063,62.965268950111074,63.126399993896484,1502800
2014-04-23,63.14102680390928,63.66103691525973,62.49650840980761,63.455963134765625,1099500
2014-04-24,63.602480895791246,63.602480895791246,62.90669363992203,63.15571594238281,435900
2014-04-25,63.03116098493483,63.03116098493483,62.45255679835038,62.716224670410156,528300
2014-04-28,63.03117329732446,63.5218920143058,62.25482084896453,63.38273239135742,817300
2014-04-29,63.53651858564452,63.6537067775913,63.053125675624855,63.08974838256836,475000
2014-04-30,63.089758004527916,63.85146460482994,62.81876446020156,63.80752182006836,924100
2014-05-01,63.77822900172683,64.08583969116239,62.71623173413965,62.87003707885742,761900
2014-05-02,62.73821439202333,63.44132699770763,62.445249409360976,62.67229461669922,1039800
2014-05-05,62.46721161910438,62.51848006444287,61.88128173994329,62.057064056396484,892900
2014-05-06,61.92524849746258,62.166939475616864,61.49312382602695,61.72016906738281,726400
2014-05-07,61.910587661601696,62.13031279472389,61.405223208125996,62.079044342041016,717700
2014-05-08,62.09367553704035,62.75284519421676,61.976492924565065,62.25480651855469,551700
2014-05-09,62.22553448480222,62.35736846923828,61.75679267077247,62.35736846923828,528200
2014-05-12,62.51846470971288,63.12636583216785,62.37930514032582,63.097068786621094,419800
2014-05-13,63.12638490789549,63.302161646452696,62.70891166142102,62.87003707885742,429900
2014-05-14,62.89931098512685,62.89931098512685,62.40127241930086,62.474517822265625,345900
2014-05-15,62.25482696372753,62.37201520252967,61.493120175041966,61.91791915893555,545900
2014-05-16,61.94718254399142,62.51113527009294,61.727457509601884,62.48183822631836,452700
2014-05-19,62.188889990257096,62.364666696229854,61.98381064747469,62.18156433105469,676600
2014-05-20,62.03507847215495,62.03507847215495,61.104920924922205,61.32464599609375,568400
2014-05-21,61.63958341282165,62.152267804485014,61.61760643502969,62.09367370605469,450900
2014-05-22,62.159587507806314,62.62100341609187,62.027753592890406,62.284095764160156,284600
2014-05-23,62.29145728192964,62.63568520274421,62.196240429330246,62.54047393798828,281300
2014-05-27,62.7748283922517,63.119061810626945,62.569754590966525,62.84806823730469,407300
2014-05-28,62.88466796270305,63.25819830010274,62.55508598654094,63.104393005371094,291900
2014-05-29,63.18498351824486,63.18498351824486,62.621030497560874,62.811458587646484,448200
2014-05-30,62.77482024725583,63.25821322000121,62.63566064822163,63.22891616821289,449700
2014-06-02,63.25821717637677,63.704987465368895,62.9359551743912,63.558502197265625,504900
2014-06-03,63.126382754850994,63.30948514772355,62.31340768346953,62.70158386230469,1209400
2014-06-04,62.63889751610298,63.059193616761554,62.53566728966932,63.04444885253906,666800
2014-06-05,63.1919193995875,63.55323082003106,62.71263861336214,63.39101028442383,524700
2014-06-06,63.457389543149674,64.03253116277757,63.29516895799777,63.96617126464844,406000
2014-06-09,63.892423860036054,64.34958473852335,63.78181842550245,64.0103988647461,319400
2014-06-10,63.84818485805738,63.97354069705046,63.42788866423196,63.53849411010742,392100
2014-06-11,63.22880758605808,63.39102816742876,62.712656304994134,63.088706970214844,555400
2014-06-12,63.03705704339644,63.03705704339644,62.66100658576904,62.74211120605469,431300
2014-06-13,62.80110775001457,63.11817357223423,62.616767286529296,62.74949264526367,329600
2014-06-16,62.66103818925222,63.08870396218851,62.63891259915266,63.01496887207031,505700
2014-06-17,62.77899857536381,63.567975669544715,62.68314354311536,63.42050552368164,379500
2014-06-18,63.51634742398758,64.07674398853165,63.287767057470944,64.04724884033203,369900
2014-06-19,64.1726388658939,64.40121937440792,63.68598268234346,63.899818420410156,451700
2014-06-20,64.17262156445848,64.51918264562663,63.81131571681833,64.49706268310547,775100
2014-06-23,64.38647310280894,64.61505360599365,64.02516716618167,64.10627746582031,347800
2014-06-24,63.995649984000124,64.27584552459341,63.649088936703386,63.693328857421875,409300
2014-06-25,63.49427187328107,64.0325432338915,63.450031932855076,63.80396270751953,370100
2014-06-26,63.8703152460242,63.944050340271666,63.22143291514141,63.75233459472656,291900
2014-06-27,63.62697263744225,64.48968489484756,63.62697263744225,64.43069458007812,620600
2014-06-30,64.3495727873091,64.84360955305492,64.20210265240365,64.7403793334961,696100
2014-07-01,64.15048539644906,65.04269262171549,63.85553951088063,64.82148742675781,795000
2014-07-02,64.60766115710986,64.89523189013941,64.17998984237978,64.59291076660156,629800
2014-07-03,64.89527459525631,65.73586738737039,64.79941387074705,65.6621322631836,417700
2014-07-07,65.53673645395853,65.55886204080717,65.07220039140387,65.29341125488281,509400
2014-07-08,65.09430806972597,65.18279352354607,64.7256271172462,64.79936218261719,343700
2014-07-09,64.86573801125418,65.41138433266023,64.77725254334004,65.3228988647461,494300
2014-07-10,64.59291328523668,64.7846289899404,64.03989175775071,64.06201171875,562000
2014-07-11,63.9735323690027,64.24635272426964,63.64171607457202,64.23898315429688,511300
2014-07-14,64.75512252762778,64.75512252762778,64.25371620522401,64.34957122802734,287300
2014-07-15,64.26848789629733,64.4970683633152,63.634355995254104,63.840816497802734,448600
2014-07-16,64.18737312939052,64.31272333638498,63.60485639464252,63.97353744506836,778200
2014-07-17,63.663829738931604,64.1873616877661,63.40575417476167,63.43524932861328,414500
2014-07-18,63.77444678960189,64.29797320828312,63.35415061541405,64.29060363769531,872500
2014-07-21,64.72564052829925,66.288850115933,63.91454338991068,64.43069458007812,1336900
2014-07-22,64.77725499293413,64.82150054137726,63.22142061677016,63.33940124511719,984700
2014-07-23,63.31726146632125,63.45735638660317,62.874839874117455,62.904335021972656,642800
2014-07-24,63.21405980357891,63.34678521604239,62.85274829843419,63.01496887207031,520000
2014-07-25,62.75686490832088,63.059180328994294,62.63888431690007,62.904335021972656,326100
2014-07-28,62.88960852888141,62.933848450702804,62.410322081854794,62.55042266845703,436400
2014-07-29,62.498783893345944,62.72736423706604,62.115352630615234,62.115352630615234,416800
2014-07-30,62.30710382265736,62.71265526938697,62.08589291978176,62.61679458618164,761200
2014-07-31,62.13750941444737,62.35134512509898,61.068336486816406,61.068336486816406,1142600
2014-08-01,61.00931860892803,61.215779029248075,60.618517723947285,60.9134635925293,625700
2014-08-04,60.91348584995022,61.4443874822612,60.574299946113,61.2747917175293,1176300
2014-08-05,61.03144957742954,61.62871661612893,60.75862924090225,61.10519027709961,739300
2014-08-06,60.9429599725513,61.540221289912395,60.84709932859236,61.1862907409668,387500
2014-08-07,61.51073691399256,61.68770784508787,60.58903441063391,60.72175979614258,463000
2014-08-08,60.96507009367057,62.15222296859371,60.96507009367057,62.115352630615234,608500
2014-08-11,62.2407449309114,62.30710482746807,61.87943340867935,62.004783630371094,365100
2014-08-12,61.99002658291096,62.063761661910824,61.569730444423165,61.84992599487305,272700
2014-08-13,61.99005002372794,62.262876107382,61.628744062066765,62.05641555786133,425800
2014-08-14,62.46193093014774,63.13293301376452,62.29234082976952,63.08131790161133,642000
2014-08-15,63.25091151880958,63.30252663383263,62.1964836328025,62.76425552368164,609600
2014-08-18,63.19928776519654,63.57534390931956,63.140297463054715,63.516353607177734,488000
2014-08-19,63.678583468018616,64.04726447205965,63.531113316652466,63.826053619384766,354200
2014-08-20,63.58273138666015,64.26110311546707,63.442630798414356,64.23898315429688,434800
2014-08-21,64.5634414805119,65.15333357343746,64.14314519263151,64.66667175292969,559700
2014-08-22,64.56344695367169,64.98374327718135,64.31274644958414,64.77728271484375,633100
2014-08-25,65.03533951171426,65.19019051408,64.79938384826053,65.09432983398438,391000
2014-08-26,65.0943357869406,65.22706121137288,64.72565467747617,64.7551498413086,324500
2014-08-27,64.77724405440993,64.89522466283432,64.4896733534068,64.7403793334961,307300
2014-08-28,63.715463410182544,64.55605577588598,63.715463410182544,64.48231506347656,429600
2014-08-29,64.7035345601407,64.72565452655662,64.16525766630171,64.69615936279297,398600
2014-09-02,64.85096749966422,65.28601388323146,64.49703698907042,64.88046264648438,449800
2014-09-03,65.20336407309271,65.2256295410747,64.83225783970843,64.92874908447266,422000
2014-09-04,64.94358038469306,65.64126180315334,64.92873862930556,65.21077728271484,356300
2014-09-05,65.04750200877483,65.57447219584809,64.80257052865247,65.49282836914062,516200
2014-09-08,65.32211162338024,65.44828636600127,64.92873997719056,65.13655853271484,287700
2014-09-09,64.92132029490114,64.99554040324476,64.44630480634444,64.56505584716797,354300
2014-09-10,64.6095765668042,64.97325897216797,64.18651582430307,64.97325897216797,378300
2014-09-11,64.65410665589984,64.95841072020829,64.5576211062664,64.77285766601562,344700
2014-09-12,65.44086522290432,65.84166059397326,65.21820490295346,65.77486419677734,658600
2014-09-15,65.87874618077036,65.93811884390995,65.46310356302041,65.6115493774414,430500
2014-09-16,65.61157496147669,66.2721435209975,65.32211258877122,66.11627960205078,577300
2014-09-17,66.36863811967959,66.472547413113,65.5670472880802,66.04206848144531,563400
2014-09-18,66.18307574613205,66.42058347828613,65.88618966528169,66.38347625732422,340000
2014-09-19,66.8139658699263,66.94756434465494,65.97526779462711,66.22762298583984,716800
2014-09-22,65.97526059029906,66.17566111182475,65.59673067613042,65.82682037353516,444400
2014-09-23,65.70803969032453,65.80453089237542,65.09200225657345,65.10684967041016,479900
2014-09-24,65.04749975767496,66.00495451377432,65.04749975767496,65.84909057617188,441900
2014-09-25,65.5522032919713,65.64868887182747,64.79514908528593,64.87679290771484,359300
2014-09-26,65.09943236655378,65.61898431198537,64.74317367624107,65.44084930419922,399500
2014-09-29,64.74318255869646,65.51507838115103,64.74318255869646,65.36663818359375,463300
2014-09-30,65.29984202462563,65.50766056699368,64.95100133023759,65.09944152832031,763100
2014-10-01,63.83024253860564,64.80253860709425,63.83024253860564,64.26072692871094,859600
2014-10-02,64.1790838122866,64.83222844839621,63.95641790814762,64.63925170898438,510000
2014-10-03,65.10685259342968,65.94555030872223,65.09200517892639,65.47795867919922,858800
2014-10-06,65.73774259158789,65.9084539106056,64.9955302982821,65.18850708007812,332100
2014-10-07,64.81738475983225,64.96582491640163,64.1790818938517,64.20134735107422,421400
2014-10-08,64.29785487587135,65.54477187042718,64.11972549454364,65.5299301147461,552100
2014-10-09,65.38147479554846,65.46311859657223,64.10487447413063,64.21620178222656,596200
2014-10-10,65.01035715883773,65.48537812734698,64.49823464437175,64.65409851074219,602900
2014-10-13,64.64670015273119,65.12913935455042,63.72635834453983,63.815425872802734,637300
2014-10-14,63.99354099076688,65.21819233368296,63.99354099076688,64.4908218383789,651800
2014-10-15,63.62986586724586,65.09944311707389,63.08062466314825,64.75802612304688,1112100
2014-10-16,63.51110249607511,65.58187536906973,63.51110249607511,65.35179138183594,818000
2014-10-17,66.18306070245102,66.56901421861697,65.4779613755055,65.72289276123047,1141200
2014-10-20,65.28499945696718,66.42800718753092,64.61700719071162,66.38347625732422,900300
2014-10-21,66.99950098972411,68.98863015529918,66.5987113358621,68.81792449951172,1074300
2014-10-22,68.9515149868329,69.47848497294228,68.60267434441253,68.8253402709961,688300
2014-10-23,69.64919989020365,70.03515345936175,68.77339480759753,68.87730407714844,900900
2014-10-24,68.81047615394618,69.22611307587921,68.47648300776835,69.16674041748047,602100
2014-10-27,69.04060287249062,69.35975446758911,68.78825334561975,69.18904876708984,516500
2014-10-28,69.50073975026018,70.0351333618164,69.27065581408469,70.0351333618164,458100
2014-10-29,69.98320370398751,70.15390937473867,69.0851274330354,69.81249237060547,607800
2014-10-30,69.5898280696162,70.85901044564422,69.35232035590272,70.7773666381836,573000
2014-10-31,71.66062149320148,72.09110045373697,71.24497862896308,72.05399322509766,943700
2014-11-03,71.96491990142403,72.49189007187178,71.51216984492366,72.09851837158203,677900
2014-11-04,72.21723945569379,72.80358203044885,71.86839886334631,72.61061096191406,924400
2014-11-05,72.75164401733636,73.80558974148857,72.75164401733636,73.32315063476562,987700
2014-11-06,73.01883399392656,73.47900759519061,72.61803872752814,73.17469787597656,999400
2014-11-07,73.20438676135099,73.57549285888672,72.95203733308894,73.57549285888672,521300
2014-11-10,73.73877892655422,74.31028547604137,73.52353671490849,73.91690826416016,533900
2014-11-11,74.07279660763379,74.40678990825435,73.67941929589783,73.96888732910156,437300
2014-11-12,73.70169254120333,74.73336730958106,73.5235574906318,74.65914154052734,562900
2014-11-13,74.6591241199756,75.01538847535873,74.4067746844945,74.62201690673828,818100
2014-11-14,74.40677963701746,74.5700672414936,73.85012043773804,73.98371887207031,377300
2014-11-17,73.84266808106908,74.34737245244595,73.71649340388186,74.16181945800781,345500
2014-11-18,73.9466070126794,74.61459919354535,73.78332506858352,74.31029510498047,375600
2014-11-19,74.31031724524091,74.52555954890717,73.99858369287102,74.36968994140625,325900
2014-11-20,74.01339362321585,74.792712952805,73.90206067252338,74.71107482910156,381100
2014-11-21,75.59431322320843,75.63142609913702,74.82983554517024,75.27516174316406,670100
2014-11-24,75.38649401335803,76.00253150726253,75.24547188128525,75.81697845458984,434200
2014-11-25,76.09160810659763,76.25489573064037,75.22322101069497,75.34939575195312,696400
2014-11-26,75.43843576378077,75.69079081690451,75.08959517828464,75.58687591552734,474600
2014-11-28,75.80956101490946,76.84865932831555,75.75018267411362,76.28457641601562,327200
2014-12-01,76.16584528793167,76.36624016216336,75.50527664630226,75.52754211425781,665700
2014-12-02,75.64628274610847,76.09160903178365,75.5423734682053,76.06934356689453,532100
2014-12-03,76.2074112476815,77.23744651898424,76.2074112476815,77.21504974365234,676300
2014-12-04,77.20762891424914,77.46886781286385,76.74485879771674,77.36437225341797,857700
2014-12-05,77.4389498805307,77.6703319085117,76.81943691478813,77.06575012207031,394800
2014-12-08,76.97620459534905,77.43897449296963,76.39401369824526,76.7149658203125,379100
2014-12-09,76.17755307074208,76.87917062492379,76.04320089429405,76.72242736816406,546500
2014-12-10,76.72989810474787,77.4165845217141,76.01334931925985,76.08052825927734,569100
2014-12-11,76.65524849594993,77.94652250924328,76.48357975036663,77.08069610595703,542200
2014-12-12,76.66271993821319,77.37926303635244,76.42387223883344,76.47611999511719,545100
2014-12-15,76.26712721400571,76.99113588768115,75.87153625488281,75.87153625488281,968100
2014-12-16,75.92380825575445,77.58827705242183,75.67002929676345,76.36418151855469,641300
2014-12-17,76.77468498084136,77.70021915158723,76.14024628068958,77.55094146728516,510900
2014-12-18,78.46155476889638,78.72279357910156,77.85696701433129,78.72279357910156,764300
2014-12-19,79.2079639388153,79.71551612743868,78.93179391007416,79.02882385253906,1030700
2014-12-22,79.29752968506806,79.67819525689009,78.93179530132203,79.46173858642578,384800
2014-12-23,79.67820059215364,80.63359168812111,79.57370504694346,80.48431396484375,402500
2014-12-24,80.57385276183308,80.69327945823528,80.09615736538096,80.32754516601562,187500
2014-12-26,80.52908206412289,80.9843864434728,80.41712094394882,80.5066909790039,244400
2014-12-29,80.33501530856789,81.3575851722492,80.0289943255231,80.84256744384766,435100
2014-12-30,80.52905604004721,80.82761703250095,80.22303515135066,80.424560546875,399200
2014-12-31,80.40964970857905,81.05901386379439,79.5438232421875,79.5438232421875,592900
2015-01-02,80.16335875734153,80.66344537578523,78.7526632548183,79.50652313232422,580400
2015-01-05,79.36467945799475,79.69309144536568,78.70038419738253,78.99893951416016,1171600
2015-01-06,75.31920176949306,77.70767870002078,74.82657519937149,75.75957489013672,2292400
2015-01-07,76.50596654912242,77.08069179221876,76.21487113196514,76.91648864746094,1083800
2015-01-08,77.40911380300739,77.79724484399016,76.56568417462921,77.08069610595703,1218800
2015-01-09,77.03591704879453,77.04338264073132,75.37144880531298,75.66254425048828,1107000
2015-01-12,75.66256178319503,75.68495286961578,72.42318317594629,72.7889175415039,1815700
2015-01-13,73.52787017761408,74.25187913387575,71.95296562388089,72.46051788330078,1380500
2015-01-14,72.0872881864551,72.44555687234623,70.25114551117328,71.1169662475586,1542300
2015-01-15,71.28116837900085,71.63197713451157,70.84079530775293,70.96768188476562,1470800
2015-01-16,70.9826110463827,72.512732724633,70.75869455087295,72.47541046142578,991600
2015-01-20,72.51275442275694,72.78891875264723,71.61707108896742,72.75160217285156,1150100
2015-01-21,72.52020934201727,73.1695735417592,72.11715275532637,72.96804809570312,799600
2015-01-22,73.32632209460942,73.90105318708147,72.62471008471897,73.5801010131836,777100
2015-01-23,73.6846104113571,73.82642823651015,73.05763143741012,73.44576263427734,993700
2015-01-26,73.57263375161384,73.91597700283393,73.0576160274942,73.6323471069336,870800
2015-01-27,72.87102198809963,73.28900981474494,72.37093540943806,72.7889175415039,783900
2015-01-28,73.14717887500409,73.14717887500409,71.10950495787161,71.22146606445312,1060600
2015-01-29,71.40806601056282,71.48270485009103,70.5497051195425,71.22146606445312,1363100
2015-01-30,70.41536238738185,70.62435913853898,69.28830266161097,69.37040710449219,2806000
2015-02-02,69.66896202376452,70.05709315009466,68.54936220444007,69.74360656738281,2076900
2015-02-03,69.72867900514042,73.41589642403278,69.37787013238531,73.08747863769531,6016300
2015-02-04,72.87100306955527,73.13970742600297,70.96022159666315,71.28117370605469,1573700
2015-02-05,71.63199661608952,72.415713064823,71.13191006862449,71.6170654296875,1330300
2015-02-06,71.69171376854237,72.55006911099771,71.56482145572271,72.09476470947266,882600
2015-02-09,71.60961578666183,72.42318903013644,71.60961578666183,71.714111328125,575100
2015-02-10,72.04251098632812,72.44556758850943,71.5424244537357,72.04251098632812,761400
2015-02-11,72.02012038167194,72.4306425795666,71.65438604737061,71.9678726196289,528700
2015-02-12,71.87083393161828,72.37092040660959,71.59466396899496,72.24403381347656,655800
2015-02-13,72.31122089837693,72.75906539798196,72.04998206999358,72.40825653076172,1088100
2015-02-17,73.14719084921218,73.50546531000691,71.77381775442099,72.10969543457031,1435800
2015-02-18,71.8633730074377,71.8857640906711,70.72138220590502,71.3185043334961,916800
2015-02-19,71.39314507843349,72.02011820399223,71.18415403658058,71.43792724609375,583100
2015-02-20,71.3483626862361,71.92309378997314,70.95277165603176,71.8633804321289,676500
2015-02-23,71.7962038420213,71.98280380568633,71.62452936983473,71.9678726196289,350600
2015-02-24,71.84096600660554,72.30373583768296,71.84096600660554,71.93799591064453,370600
2015-02-25,71.60959916239867,72.49781105863597,71.60959916239867,72.236572265625,714200
2015-02-26,71.98279928487693,72.24403807868534,71.77380824983021,72.04997253417969,440200
2015-02-27,72.13209349397765,72.31869348867328,71.55736801593025,71.714111328125,542200
2015-03-02,71.76635381384735,72.6172492714315,71.56482264545245,72.35601043701172,687900
2015-03-03,72.03505035478737,72.33361143053997,70.53478507770023,71.28865051269531,811600
2015-03-04,71.0444941728631,71.26986760134176,70.5036025297018,70.6463394165039,654900
2015-03-05,70.78156378262278,71.09708200379274,70.59375449885717,70.78907775878906,435300
2015-03-06,70.64631996450052,70.64631996450052,69.52697856929107,69.79742431640625,749300
2015-03-09,70.00025287281323,70.65383102328897,69.97771668339728,70.53363037109375,829700
2015-03-10,69.9476822435459,70.27822837990203,69.3842544555664,69.3842544555664,664000
2015-03-11,69.33918102997625,69.71479954968038,69.08375745620587,69.3617172241211,599200
2015-03-12,69.78241548362931,71.23230335169099,69.78241548362931,71.15718078613281,774100
2015-03-13,71.15720020001842,71.15720020001842,70.12800300347314,70.96939086914062,943800
2015-03-16,71.46518839734745,72.31409004952548,71.23982069003614,72.11876678466797,707900
2015-03-17,71.61544818602225,71.92345247715193,70.87923316155403,71.10460662841797,509900
2015-03-18,71.02194221171993,71.83327949637103,70.17304651831537,71.54780578613281,951300
2015-03-19,71.47268880046289,71.97601622250531,71.15717063125572,71.76567077636719,577300
2015-03-20,72.03613482170854,72.26150827484138,71.89339791929208,72.0661849975586,926700
2015-03-23,72.08871266375063,72.61458208165404,71.81075286865234,71.81075286865234,428300
2015-03-24,71.4651855845169,71.83329590216063,71.01444445615057,71.04449462890625,372900
2015-03-25,71.1872307557589,71.29240349353745,69.70729271939513,69.75236511230469,449400
2015-03-26,69.45937597591,69.66221318618115,68.91848439049866,69.3617172241211,472900
2015-03-27,69.264048695045,70.02279966534317,69.11380358853287,69.81245422363281,432600
2015-03-30,70.12797590666959,70.81911260169443,70.04533937449447,70.5111083984375,341400
2015-03-31,69.70728601844792,71.05200101533147,69.69225806793312,70.00778198242188,959500
2015-04-01,69.72983367196144,69.85003436989804,68.14472278970236,68.92601013183594,740600
2015-04-02,68.9335228594623,69.83500515171562,68.74571357095247,69.66222381591797,714600
2015-04-06,69.7148097070208,70.75902888542072,69.6471953832512,70.06788635253906,1054100
2015-04-07,69.99275915064965,70.31579133253612,69.74484953237959,70.1054458618164,618500
2015-04-08,70.28574277717716,70.31579294961165,69.34669638166555,69.75236511230469,896200
2015-04-09,69.80493255886631,70.09791449632729,69.42931410248221,69.79742431640625,353900
2015-04-10,69.69978175441219,70.31579598721994,69.69978175441219,70.06788635253906,397500
2015-04-13,70.12799128496243,70.34585076015429,69.71481426496544,69.73735046386719,599400
2015-04-14,69.62467095999688,69.96272544155923,69.11382938312306,69.61715698242188,650900
2015-04-15,69.85001631725542,70.30826559812171,69.48942004812602,69.51947021484375,600500
2015-04-16,69.46688743329399,69.61713254313652,68.850873312566,69.19644165039062,355000
2015-04-17,68.64804630804328,69.18142397815176,68.22735535279926,68.86590576171875,673600
2015-04-20,69.30914102279104,69.81246853743681,69.30162704647981,69.54202270507812,780500
2015-04-21,69.67723956778262,70.92429587881433,68.91098026366109,69.45186614990234,1031100
2015-04-22,69.67724965648449,70.08291842851607,68.67810281415588,69.88008117675781,929300
2015-04-23,69.8349985908988,70.3984264034957,69.36922953581777,69.96270751953125,587400
2015-04-24,69.95519423591851,70.05285298639922,68.82833869190138,69.10629272460938,462400
2015-04-27,69.37673800490184,69.6096253796997,68.55789240003341,68.70813751220703,613400
2015-04-28,68.54288889173449,68.8659211564336,68.21985662703538,68.61801147460938,586400
2015-04-29,68.57291509217359,68.64803764877915,67.9043145948619,68.31749725341797,746200
2015-04-30,68.06206970662211,68.53535267540433,67.21317397675746,67.49864196777344,1054300
2015-05-01,68.05456776327567,68.78326868471716,67.69397715629464,68.71566009521484,692300
2015-05-04,69.54202718757708,69.8500371898609,69.27909531458172,69.73735046386719,720000
2015-05-05,69.63217699021975,69.98525938663362,68.90347599872472,68.97108459472656,508300
2015-05-06,69.13636586935374,69.35422536804208,68.4377149706241,68.8433837890625,404800
2015-05-07,69.12884003657398,69.85003274444138,68.91849455156458,69.55704498291016,454600
2015-05-08,70.21812890710234,70.84916528631696,70.0303196421241,70.67638397216797,764500
2015-05-11,70.48859500870081,71.1722179497411,70.26322153322326,70.77406311035156,1230900
2015-05-12,70.42848654029892,70.81161911189393,70.02281777004862,70.62380981445312,696400
2015-05-13,70.64634061322425,70.9693728093907,69.52699889085025,69.63217163085938,943600
2015-05-14,70.02281123166605,70.6914118096059,69.48943356451653,70.6463394165039,690300
2015-05-15,70.62378549602774,70.75149439875612,70.24065305635963,70.4960708618164,1251300
2015-05-18,70.45101923047113,70.88673815439122,70.13550100203989,70.43599700927734,387600
2015-05-19,70.57873949399996,70.77406278976338,70.13551225411685,70.39093017578125,389100
2015-05-20,70.54866648387184,70.75149794357439,69.89508825774904,70.42095184326172,562700
2015-05-21,70.18056433300198,70.48106030142917,69.85753216995242,70.29325103759766,420500
2015-05-22,70.35336561627064,70.66136989091912,70.02281941095369,70.2707290649414,407800
2015-05-26,69.99275715402928,70.42847603465317,69.3391845645775,69.54953002929688,630900
2015-05-27,69.78993121661762,69.91012617823976,69.20396716643393,69.76739501953125,413300
2015-05-28,69.81996865805722,69.94016359776153,69.07623990092061,69.42181396484375,398400
2015-05-29,69.27908911206126,69.27908911206126,67.844223441273,67.96442413330078,1243300
2015-06-01,68.01700794944283,68.29496774070752,67.53621666235227,67.78412628173828,742300
2015-06-02,67.61884875292168,68.15222637283338,67.39347534440289,67.86675262451172,506200
2015-06-03,68.26385098712176,68.71011605186096,67.88565790686069,68.64204406738281,495700
2015-06-04,69.46652329673704,69.48921973588698,68.55129645720947,68.83116149902344,689300
2015-06-05,68.84628175812846,69.27742173878352,68.52103540284342,69.23204040527344,661300
2015-06-08,68.89921005856809,69.16394982163109,68.67229768121607,68.71011352539062,575600
2015-06-09,68.62693431520637,68.81603089785838,68.19579433759057,68.24874114990234,568000
2015-06-10,68.65716211567899,69.46649499249017,68.57396495577548,69.15637969970703,481900
2015-06-11,69.21693026254266,69.49678957437749,68.6269497155956,68.71771240234375,602300
2015-06-12,68.5134572858392,68.78575675527618,68.15795488014267,68.71011352539062,478200
2015-06-15,68.18064716594583,68.52858410279353,67.96129448973934,68.44538116455078,559100
2015-06-16,68.36975050551823,68.78576523811995,68.30167851514827,68.68743133544922,285800
2015-06-17,68.95973781673251,69.30011511533301,68.55128852087364,68.97486877441406,367900
2015-06-18,69.64048194230551,70.30609976612503,69.42869471521608,70.06405639648438,539100
2015-06-19,69.96575935808835,70.2456244729985,69.71615039917698,69.74640655517578,634400
2015-06-22,70.10186437270902,70.24557957916225,69.57995611413084,69.79930877685547,303100
2015-06-23,69.98083693573294,70.15480827166301,69.66315617005306,69.79174041748047,271600
2015-06-24,69.7766229489194,70.01866628820957,69.38330468661101,69.39842987060547,429600
2015-06-25,69.45136373252323,69.61776957930427,69.02778941036593,69.28495788574219,442300
2015-06-26,69.6405029296875,69.9279277143909,69.39845948710283,69.6405029296875,391500
2015-06-29,68.89165646456503,69.00511554869173,67.44695605294037,67.53015899658203,784500
2015-06-30,68.08231377403467,68.25627934360884,67.60578684266211,67.71924591064453,774400
2015-07-01,67.66631524925567,68.67231037672325,67.58311229761433,68.57398223876953,715200
2015-07-02,68.70258463038354,68.76309693312294,67.77979221130566,68.09747314453125,497200
2015-07-06,67.82516803421179,68.37733265293157,67.36377186221549,67.68901824951172,852300
2015-07-07,67.50749169586832,67.69658831126291,66.49393660732328,67.65120697021484,568700
2015-07-08,67.26543065418184,67.26543065418184,66.43340691835833,66.44853210449219,654300
2015-07-09,67.26543785013462,67.28056303788655,66.53174217261461,66.76622009277344,639800
2015-07-10,67.46966860311284,67.54531186424886,66.53931650715415,67.30326843261719,691000
2015-07-13,67.85540744004737,68.47564391269096,67.53772661105725,68.43782806396484,650300
2015-07-14,68.43027412770698,68.5664239017763,67.82516273833893,68.23361206054688,1319000
2015-07-15,68.11257518234814,68.50589344159431,67.71168567501108,68.44538116455078,673700
2015-07-16,68.80846370993862,68.84627956306807,68.51347350998888,68.73282623291016,428100
2015-07-17,68.36974896777527,68.74037659435876,68.03693718917934,68.55884552001953,690800
2015-07-20,67.56799147716629,67.90836301349609,65.85099129591866,67.17466735839844,1562400
2015-07-21,67.02340078467145,67.55286896757318,66.43342030350371,66.46367645263672,969700
2015-07-22,66.34264323069118,66.60737728772314,65.75266282622863,66.44097137451172,724900
2015-07-23,66.51660834716422,67.09902321768466,66.25186854434038,66.53929901123047,550700
2015-07-24,66.53930014391823,66.72839670871473,65.63163317043347,65.71483612060547,468900
2015-07-27,65.38203345224072,65.59382069237857,64.89794668313434,65.18537139892578,835100
2015-07-28,65.39715124889044,65.97957186422286,65.01139266464925,65.87367248535156,621100
2015-07-29,65.91151728813561,66.97802499300596,65.79805816218354,66.87213134765625,559700
2015-07-30,66.83427992945502,67.37887887469749,66.48634299683195,67.02337646484375,604600
2015-07-31,67.5074892223541,67.55287056173937,66.92507420741792,67.28057098388672,648600
2015-08-03,67.14437958465113,67.23514797794175,66.59222106174231,66.94772338867188,357800
2015-08-04,66.85696243368916,67.50745489772643,66.75863432475985,66.90234375,435900
2015-08-05,67.40914221393696,67.66631075956928,67.1973492242311,67.341064453125,344500
2015-08-06,67.31084740051992,67.50750954835377,66.5242045799568,67.09906005859375,577500
2015-08-07,67.0687699790319,67.204919740093,66.34263984362916,66.54686737060547,613000
2015-08-10,67.01581849390453,67.49234550975058,66.8796687423441,67.41670227050781,491800
2015-08-11,66.80403696149301,66.90993058052581,66.24431272220973,66.55442810058594,481600
2015-08-12,66.01738860845813,66.44096304661728,65.27613334167964,66.28968811035156,387000
2015-08-13,66.24432149207016,66.94019558662993,65.9493312613161,66.60738372802734,313900
2015-08-14,66.62249794153792,67.00069104188165,66.37288911032654,66.91748809814453,367400
2015-08-17,66.44096057783466,66.86454077102351,65.97957030813767,66.79646301269531,237200
2015-08-18,66.45610249730377,66.93262380114305,66.14598133631894,66.48635864257812,435000
2015-08-19,66.13084495929894,66.59980647554553,65.69970506093803,66.108154296875,588100
2015-08-20,65.53329708142951,65.60137483729466,64.80716705322266,64.80716705322266,542800
2015-08-21,64.18693340026229,64.7315323876413,63.059919577961644,63.10530090332031,886200
2015-08-24,60.58653907762788,62.74223879314416,59.57298424571714,61.41100311279297,1352200
2015-08-25,63.188497869625756,63.29439146595806,60.11000655735218,60.15538787841797,849400
2015-08-26,61.358062581043555,61.59254050210067,59.96630870097101,61.31267547607422,1010700
2015-08-27,61.85728153708845,63.2868514330959,61.698441078728784,63.18095779418945,762900
2015-08-28,62.78006312774921,63.38517447825219,62.764937940832915,63.31709671020508,560600
2015-08-31,63.19607527178522,63.64234040185728,62.84813250873028,63.15068817138672,616000
2015-09-01,62.069048797314416,62.44724189165978,61.15382220149089,61.418556213378906,784600
2015-09-02,62.0016128066881,62.237885971952245,61.3461558201278,62.230262756347656,565100
2015-09-03,62.3064804421638,63.16010037152262,62.20740189381369,62.39794158935547,535400
2015-09-04,61.59768206251654,62.131190966567125,61.47573966222396,61.67389678955078,640000
2015-09-08,62.77141991933845,63.7850928529461,62.71044579969015,63.74698257446289,591000
2015-09-09,64.19664909846827,64.40242945062198,63.099138380818694,63.25156784057617,845100
2015-09-10,63.14485757719434,63.74696374756933,62.80188843138559,63.38874816894531,579200
2015-09-11,63.22869088072652,63.60977026584286,62.80950704598451,63.58690643310547,459800
2015-09-14,63.586925841586556,63.60978968130262,62.96195569183005,63.2896842956543,384500
2015-09-15,63.411602099771976,64.8444641904845,63.13722450005296,64.707275390625,752500
2015-09-16,64.60818430154933,65.73618162888553,64.37954020216027,65.59136962890625,643000
2015-09-17,65.44657619550988,65.71333060417665,64.60057948887385,64.8292236328125,744500
2015-09-18,64.1813902068298,64.19663663873311,63.32777027935545,63.4497184753418,909600
2015-09-21,63.64024942378472,64.26521930529418,63.464950369849845,63.79267883300781,437300
2015-09-22,63.09913960443883,63.160113715448695,62.710436915265014,63.00006103515625,523200
2015-09-23,63.05340193714857,63.12199344005721,62.542751106872714,63.02291488647461,527600
2015-09-24,62.542752892194954,63.68599115845625,62.352213181151406,63.564048767089844,846200
2015-09-25,64.0213203232588,64.20423675317888,63.60213078093312,63.9908332824707,800400
2015-09-28,63.67075881183098,63.86892176520742,62.832385137284746,63.00006103515625,579300
2015-09-29,63.19060075576001,63.28205610744155,62.62659895127125,62.908599853515625,539500
2015-09-30,62.98479905634199,63.48782662581722,62.4512902536954,63.17533874511719,1065000
2015-10-01,62.92383131246224,63.16010450446565,61.163246271189756,62.100704193115234,1389600
2015-10-02,61.14802088839744,62.558013916015625,60.79742262127269,62.558013916015625,946200
2015-10-05,63.01530073316736,64.06707796604232,62.80189716256761,63.89178466796875,1041800
2015-10-06,63.91461913863123,63.95272939364685,63.114350301771516,63.16008377075195,762300
2015-10-07,63.6097982190453,64.4329314481753,63.25920572844827,64.39482116699219,932500
2015-10-08,64.26520486596631,65.74379422541456,64.26520486596631,65.51514434814453,577500
2015-10-09,65.61422300188069,65.92671078050303,65.20266252559986,65.21790313720703,486300
2015-10-12,65.13410511183515,65.23318368495808,64.80637652096826,64.94356536865234,405500
2015-10-13,64.70729566689565,64.98167335259193,64.2271318095215,64.30335235595703,399300
2015-10-14,64.08992523366285,64.39478989061823,63.3658767613523,63.51068878173828,749300
2015-10-15,63.72409968631588,63.89939295939489,62.68756322136143,63.80793762207031,750300
2015-10-16,63.95275522210845,64.15091234675508,62.95432312258826,63.472591400146484,1117000
2015-10-19,62.00161131481947,65.73619024226976,61.97112426794445,64.52436065673828,2955900
2015-10-20,64.5472147845128,66.42212427439054,64.50148131367078,65.30175018310547,1575100
2015-10-21,65.56851815348621,66.17062428048862,65.35511462792788,65.60662841796875,1016500
2015-10-22,66.23158190033745,67.7025481953364,66.07914669514078,67.32908630371094,1141800
2015-10-23,67.70254354584044,68.06075898494142,67.11567822205133,67.97692108154297,1143600
2015-10-26,68.03791642768618,68.66288643782578,67.93883787277993,68.52570343017578,919800
2015-10-27,68.19798632133963,68.58668320440094,67.38247646646875,67.52728271484375,835800
2015-10-28,67.70255514023637,68.69335790901258,67.52725608998021,68.67049407958984,542400
2015-10-29,68.6324063633041,68.83818669307279,67.99981312598361,68.75434875488281,620300
2015-10-30,68.77721235341592,69.64607296911518,68.67813379717319,69.17353820800781,908500
2015-11-02,69.17355999858185,70.06528473010279,69.05161175419659,70.00431060791016,565400
2015-11-03,69.83660450983515,70.24055353374587,69.52412244451195,69.79850006103516,499700
2015-11-04,69.95853435938929,70.14907399786192,69.417402483904,69.6003189086914,642000
2015-11-05,69.66132148386967,70.3625062447181,69.41743087945235,70.08050537109375,813300
2015-11-06,69.7604032375025,69.88235145270069,67.85500598611301,68.22846221923828,1357400
2015-11-09,68.22085165730557,68.41139140154966,67.35199088873739,67.76355743408203,988500
2015-11-10,67.74828446593656,68.43422843954089,67.64920593106399,68.42660522460938,775800
2015-11-11,68.42662988092985,68.53333166918203,67.74068566015772,68.12176513671875,678200
2015-11-12,67.74065949214359,67.95406880101993,66.46785592766467,66.50596618652344,1124700
2015-11-13,66.3078085958021,66.52883532223191,65.33224636522189,65.41608428955078,809200
2015-11-16,65.4694685530371,67.00902739298235,65.32465646174862,66.91757202148438,808100
2015-11-17,65.46942813956412,67.59585143646483,65.46942813956412,67.10807037353516,757000
2015-11-18,67.18430624087155,67.45868390206375,66.40690092922337,67.3824691772461,690000
2015-11-19,67.56538217968154,68.31229458493742,67.16905632746331,67.83975982666016,774000
2015-11-20,68.1370185143399,68.84582664555408,68.04555733731448,68.77722930908203,798400
2015-11-23,68.88392349156004,69.4403020810238,68.63241545847082,68.92965698242188,590900
2015-11-24,68.45710932639352,68.64764904349157,68.00743838515127,68.33516693115234,780700
2015-11-25,68.31230717559869,69.27262911702108,68.2284692227469,69.03636169433594,577200
2015-11-27,69.12018553791451,69.34882969599215,68.74672352787674,69.2649917602539,191500
2015-11-30,69.40219146861193,69.44030174167533,68.63241512307042,69.074462890625,637400
2015-12-01,69.37929404824123,69.67653542686253,68.83053894469161,69.05918884277344,499400
2015-12-02,68.97097326041686,69.27024604965806,67.88131306089517,68.0347900390625,498700
2015-12-03,68.01942784134704,68.11918346927261,67.06789415679305,67.62039947509766,957000
2015-12-04,67.8045583164118,68.52588527335654,67.63573661546334,68.34171295166016,649800
2015-12-07,68.05012842256886,68.41846728105091,67.81991590419915,68.37242126464844,484600
2015-12-08,67.54366008756398,68.39543816961279,67.23671788338737,68.04244995117188,538100
2015-12-09,67.47458179986093,68.6793477780994,66.7302348592816,66.9681167602539,782000
2015-12-10,66.99885469749856,67.4746246561728,66.75329733114559,67.19837188720703,526800
2015-12-11,66.43096163065877,66.46165701351606,65.21852035325122,65.41803741455078,789300
2015-12-14,65.69430176417409,66.46934422004298,65.40270435665603,66.10868072509766,732500
2015-12-15,66.47702384178609,66.66119620005772,65.54084069936947,66.07032012939453,753900
2015-12-16,66.58443451844201,66.92207788459639,65.64057635148619,66.86836242675781,505600
2015-12-17,66.83001249391829,66.88373382299095,65.8784787218116,65.89382934570312,540300
2015-12-18,65.67895473412734,65.69430535641577,64.10585551329048,64.13655090332031,1484800
2015-12-21,64.68908459510209,64.85790053250845,63.76824005385587,64.44352722167969,424500
2015-12-22,64.57392393154274,65.37965564042813,64.57392393154274,65.09573364257812,584500
2015-12-23,65.35666127154585,66.36191625776158,65.24155502371387,66.17007446289062,405300
2015-12-24,65.90149839491933,66.34657281225438,65.87847831377228,66.07032012939453,175400
2015-12-28,66.03962936338779,66.64585024577443,65.84011807643624,66.5691146850586,368600
2015-12-29,66.9681183186438,67.34413237966422,66.73023641213584,67.1369400024414,407500
2015-12-30,66.96046660110214,67.32879959555214,66.54608759143535,66.66119384765625,339100
2015-12-31,66.23145722849539,66.49236510537811,65.81707826253819,65.90916442871094,550900
2016-01-04,65.08041810914862,65.08041810914862,63.507318674532215,64.48187255859375,1170800
2016-01-05,64.86554537061126,64.89624075968584,63.7451900148496,64.71207427978516,1079100
2016-01-06,63.79124934052601,63.99076650219252,62.93947106502316,63.43059158325195,864700
2016-01-07,62.25649709862493,63.15432114713555,61.880488820345164,62.06465530395508,802400
2016-01-08,62.27182709843985,62.617139872671,60.199932889417916,60.28434371948242,1217800
2016-01-11,61.212878725595026,61.274269506443225,59.95439699094241,60.675724029541016,1215100
2016-01-12,61.04406079750438,61.38937368265053,60.35342917266518,61.113121032714844,875200
2016-01-13,61.32797714349644,61.43540806898661,59.340499167381864,59.39421463012695,1018600
2016-01-14,59.563042205596375,60.698742345563105,59.07959713864364,60.23832321166992,1020000
2016-01-15,59.002871218872805,60.34576399365059,58.70359844028616,60.21531295776367,1357900
2016-01-19,60.729437828528525,60.875239465395346,59.386545270788304,60.09252166748047,979900
2016-01-20,59.34051262664301,61.35868644701155,58.81102733481364,60.6527099609375,1274000
2016-01-21,60.7371056139673,61.91885162090084,60.23064053047598,60.79082107543945,798200
2016-01-22,61.58887826384431,61.742349325027696,60.50688796250057,61.18217468261719,622700
2016-01-25,60.9596572057091,61.37403622999974,60.63735850600687,60.85222625732422,881000
2016-01-26,61.05174496492542,63.146660422635826,61.05174496492542,62.962493896484375,864800
2016-01-27,62.93179129698773,64.09818696851421,62.48671687639241,62.93946075439453,751000
2016-01-28,63.52267238028131,64.01378704749226,62.62485392815021,63.9600715637207,724900
2016-01-29,64.20561304229241,66.19309716014475,63.9216909215615,66.12403106689453,1285800
2016-02-01,63.99075153659119,64.73509867124184,62.94713165670638,64.38978576660156,1280400
2016-02-02,63.69146878260627,63.829595093666065,63.14663884857772,63.438236236572266,521300
2016-02-03,63.96773419957104,64.53558432326672,63.16967155987977,64.33606719970703,818700
2016-02-04,64.03677791175102,66.07030176297128,64.03677791175102,66.01658630371094,1038500
2016-02-05,66.00891973893106,66.00891973893106,64.74276862368869,65.08040618896484,989100
2016-02-08,64.45118138397643,65.625252479938,63.837291023403765,65.43341064453125,1118800
2016-02-09,64.865558262835,66.74561169912855,64.865558262835,66.29286193847656,1040300
2016-02-10,66.56141997476072,67.22135614277937,65.76335749588827,66.16239166259766,961700
2016-02-11,65.46407879335653,66.74558616994265,65.05737520829966,66.33120727539062,1409400
2016-02-12,66.70723144304233,67.75852662276189,66.37726331032357,67.42088317871094,1641800
2016-02-16,67.81222990274415,70.53637948125369,65.42571785304308,68.76376342773438,2285000
2016-02-17,68.42612352934242,69.10141033044414,67.91198897271919,69.07838439941406,1232400
2016-02-18,69.17046834317765,70.04526634880061,69.00932195840987,69.66925811767578,1097500
2016-02-19,69.20118831330058,70.94310963328068,68.93261090993998,70.6515121459961,1321200
2016-02-22,71.1963369869044,71.47258968260718,70.5747713488471,70.89706420898438,811800
2016-02-23,70.83566860854626,71.1963321509129,70.24479840509593,70.40594482421875,534500
2016-02-24,69.45441838488922,69.89948698495712,69.10909957511555,69.86112213134766,821600
2016-02-25,70.29083157245455,70.68986577923825,69.62322588173654,70.4980239868164,675600
2016-02-26,70.75128211094422,70.93545452869992,69.62325678857529,70.02996063232422,661700
2016-02-29,69.99923665844074,70.32920478738623,69.17815399169922,69.17815399169922,1007200
2016-03-01,69.80738634572957,71.42653140256193,69.66158472260219,71.3881607055664,862500
2016-03-02,71.10068345639137,72.42222806091104,70.68335265029278,72.29084777832031,1074700
2016-03-03,72.36039461317402,72.69271323625472,71.88124164239585,72.59224700927734,565800
2016-03-04,72.49179597332115,72.63863035178852,71.96626887544463,72.37586975097656,695000
2016-03-07,72.17490748389348,73.21050725901861,72.05898129989617,73.03275299072266,753500
2016-03-08,72.6617882041955,73.13321701440982,72.39129771380625,72.54586791992188,689000
2016-03-09,72.63090489652124,72.87821141462618,71.73441508323303,72.59999084472656,496500
2016-03-10,72.77773445073913,72.87047659997904,71.81942249360178,72.58452606201172,544100
2016-03-11,73.2027885866454,73.82105183642186,73.04049426246964,73.70513153076172,663200
2016-03-14,73.56603736348548,73.76696986809348,73.20280460293993,73.41919708251953,399600
2016-03-15,72.95549731465816,73.45784036348515,72.77001889068842,73.32645416259766,469100
2016-03-16,73.24143385770996,73.99108335401206,72.93230515083467,73.85970306396484,563300
2016-03-17,74.07609233366355,76.1550164066899,73.79787179243132,76.05455017089844,1332400
2016-03-18,76.37140056762905,76.37140056762905,75.1580522985058,75.77632141113281,1362100
2016-03-21,75.58312809620014,75.71450839250457,74.64027016506977,75.36672973632812,770300
2016-03-22,75.45172785028663,75.49810186689082,74.86437867164582,74.92620086669922,712000
2016-03-23,74.92620495094678,75.8304246208763,74.60934628417789,75.44400787353516,645700
2016-03-24,75.06530362384835,75.5831064664748,74.9107393072812,75.52127838134766,605300
2016-03-28,75.77632151314734,76.0158979938935,75.47491694180498,75.61402130126953,355100
2016-03-29,75.62948893321779,76.34049435834416,75.38218244203244,76.20911407470703,677800
2016-03-30,76.57234980532678,76.81965630630422,76.15501897938006,76.60326385498047,398900
2016-03-31,76.6032560532553,76.96648283312584,76.13182716249071,76.78873443603516,681200
2016-04-01,76.22457155318413,77.12106130890444,76.07000720038855,77.06696319580078,654600
2016-04-04,76.45642332788832,76.54143549007797,75.55993357979828,75.97726440429688,855200
2016-04-05,76.14727152857053,76.41776203068838,75.22759792511907,75.52127838134766,1180400
2016-04-06,75.61403021914678,75.82269857545634,74.60162017529895,75.76860046386719,931000
2016-04-07,75.60629956467898,75.81496200661974,74.49341748432447,74.89529418945312,519700
2016-04-08,75.45948240310011,75.55994866199057,74.84894306925833,75.11170959472656,529600
2016-04-11,75.38216867577512,75.76085538144198,74.80254364013672,74.80254364013672,552300
2016-04-12,74.9648531863336,75.58312237523714,74.16883558559037,75.42082214355469,914900
2016-04-13,75.82267587365074,76.85054558234567,75.74539372255529,76.76553344726562,630800
2016-04-14,76.73463068423403,76.89692499425973,75.81495703117069,76.06226348876953,810600
2016-04-15,76.35592708600426,77.12876033223405,76.19362691559623,76.81962585449219,760900
2016-04-18,76.47188777867817,77.15198516845703,76.3018693274863,77.15198516845703,1011200
2016-04-19,77.28334326251914,77.28334326251914,74.60934029318612,74.87210083007812,1670200
2016-04-20,74.81797746062095,75.12711190853072,73.8673959613912,74.57067108154297,1002800
2016-04-21,74.7561673575414,74.98028382480454,74.02197218818756,74.33883666992188,728000
2016-04-22,74.35432301732857,75.28172691335743,74.34659303005884,74.79483795166016,735000
2016-04-25,74.77163941119971,75.00349181438622,74.36203860898823,74.88756561279297,388000
2016-04-26,74.9107512931061,76.02363341845455,74.9107512931061,75.90770721435547,502400
2016-04-27,75.77631791251534,76.09317654332507,75.32807312136893,75.9154281616211,590200
2016-04-28,75.42853078222393,75.89995957868317,75.04984410672809,75.22759246826172,483200
2016-04-29,74.89528853381078,74.89528853381078,73.86741868422699,74.1688232421875,948100
2016-05-02,74.3156590712633,74.87209414018446,74.21518696039855,74.77935791015625,479100
2016-05-03,74.14562035691587,74.64023314163528,73.96013614045897,74.49339294433594,760600
2016-05-04,74.2383790233696,74.42386329592891,73.7283120144597,74.24610900878906,639000
2016-05-05,74.47023687559978,75.17351229779659,74.07609013782915,74.16110229492188,631200
2016-05-06,74.1224430424891,74.98801254631337,73.74375048831594,74.96482849121094,378700
2016-05-09,74.65570779171742,75.27397689117826,74.58615561355991,74.97257232666016,541300
2016-05-10,75.15803942702972,75.79176250562871,75.15803942702972,75.69902038574219,422600
2016-05-11,75.36669076249726,75.7917513792647,74.20744096722171,74.28472900390625,593600
2016-05-12,74.43930381504342,75.16576900964913,74.4315738310316,75.04984283447266,566900
2016-05-13,74.91847623025117,75.38990510456635,74.08381469248812,74.24610900878906,453900
2016-05-16,74.4316062099273,75.23535390554322,74.2461277867091,74.91849517822266,722700
2016-05-17,74.6788880693924,75.01120666168016,72.63088431067212,72.90137481689453,1114800
2016-05-18,72.6540811419829,73.2259762980036,71.80396544600579,72.78546142578125,816400
2016-05-19,71.81942313028459,72.62317074206612,71.29389607243714,72.2444839477539,700700
2016-05-20,72.63860567738561,73.37280090533619,72.58450757816826,72.75453186035156,696900
2016-05-23,72.63860932222248,72.67725335056706,72.02807023113363,72.42994689941406,535300
2016-05-24,72.70817815385958,73.84424435880297,72.63089598198455,73.65876007080078,555200
2016-05-25,73.69740986719367,74.69436588221234,73.55829958844102,74.41614532470703,547400
2016-05-26,74.35431126751801,74.91075233795343,74.09927479419316,74.43932342529297,452200
2016-05-27,74.64799771814673,75.01123046875,74.63254363985098,75.01123046875,401000
2016-05-31,75.32034589934506,75.32034589934506,74.32339006022407,74.90301513671875,743800
2016-06-01,74.74584721367309,75.0570949098886,74.50463306897016,74.94037628173828,566400
2016-06-02,74.55908876104222,75.48504887309863,74.27118365029185,75.42279815673828,677000
2016-06-03,75.05707781197943,75.08820316816626,74.41124002835058,74.82364654541016,582000
2016-06-06,74.75359011055534,75.69510958471112,74.43456569633781,75.45389556884766,616000
2016-06-07,75.70291829160094,76.0841935294973,75.555074328587,75.84297943115234,349700
2016-06-08,75.86633143357327,76.18536193325089,75.78852099890125,76.01417541503906,418100
2016-06-09,75.57064911183409,75.95192439582577,75.10377463251542,75.65624237060547,501500
2016-06-10,75.27495727976277,75.41501842904594,74.70693579518208,75.08821105957031,331300
2016-06-13,74.69915971589971,75.01040740202713,73.93660318171533,74.01441955566406,489100
2016-06-14,73.71093985181417,74.46570747275673,73.71093985181417,74.3723373413086,528000
2016-06-15,74.46571791106827,75.31386765545855,74.41903283880008,74.66802978515625,437800
2016-06-16,74.37232553163844,75.36053019739242,74.13110554507352,75.15821838378906,438600
2016-06-17,75.19716234458342,75.67181378515261,74.94038252855947,75.40725708007812,725100
2016-06-20,76.17757395653973,76.52772385715923,75.88966883751452,75.95191955566406,399100
2016-06-21,76.11531639530561,76.1230992185134,75.67957328054442,75.90522766113281,384800
2016-06-22,76.12309105937365,76.52770877449002,76.0297150005526,76.21646118164062,487900
2016-06-23,77.03350095334811,77.36809114444607,76.68335105090954,77.35253143310547,339500
2016-06-24,74.82366138100217,75.93636191838922,74.82366138100217,75.36055755615234,1189000
2016-06-27,74.79254019688132,74.81588273581501,73.22074196104242,74.16226196289062,683600
2016-06-28,74.69914857182063,76.03750926691454,74.42680911329686,75.79629516601562,763300
2016-06-29,76.44992794460742,77.3291972433495,76.25539886586796,77.17357635498047,519900
2016-06-30,77.57818866390966,78.80761377816032,77.13466263364909,78.78427124023438,1009300
2016-07-01,78.78423815931258,79.73354054673507,78.36405484340983,79.47676086425781,762300
2016-07-05,79.30560597230178,79.43010742058809,78.14621443377561,78.745361328125,906200
2016-07-06,79.07994112411444,80.91629568834917,78.75313377028158,80.34827423095703,1307000
2016-07-07,80.50389911175338,80.90074002500677,79.53903671269046,80.09928131103516,764000
2016-07-08,80.94743235236695,81.71776577586806,80.46500407786695,81.67886352539062,489700
2016-07-11,82.06789293156793,82.40248303868154,81.72552000245993,81.88892364501953,465800
2016-07-12,82.00566595790856,82.45697477931385,81.55435713650328,81.8422622680664,671000
2016-07-13,82.13792230260482,82.13792230260482,80.93184607566289,81.20418548583984,771200
2016-07-14,81.32092835259503,81.51545740888237,80.55837183986417,80.79180908203125,702600
2016-07-15,80.96296420178726,80.96296420178726,79.82690972949283,80.11481475830078,669700
2016-07-18,80.02145402361563,80.09927038008713,79.1733103543778,79.35227966308594,906700
2016-07-19,77.81162585430059,78.83873907811513,76.5121731273072,77.60931396484375,1635200
2016-07-20,77.6404200361809,78.39519356927724,77.39920595566517,77.81938934326172,796100
2016-07-21,77.81160724574683,77.82716695511199,76.69890102467046,76.8623046875,632300
2016-07-22,76.78450016426126,77.82717293188057,76.58218830765043,77.73380279541016,564400
2016-07-25,77.5859600848126,78.17733001708984,77.41477358310956,78.17733001708984,528800
2016-07-26,77.95168861767785,78.69867952881884,77.95168861767785,78.59752655029297,587200
2016-07-27,78.72203429006113,79.32896412856401,78.42635219699886,79.15778350830078,732300
2016-07-28,78.88542420729395,80.02147323314853,78.56639962808458,79.86585235595703,810500
2016-07-29,79.59349649745195,79.83471058850007,78.96322435681411,79.5545883178711,815300
2016-08-01,79.45343261532257,79.46899232468417,78.68309936600173,79.35227966308594,563300
2016-08-02,79.21221998100684,79.38340053333245,78.16175851497907,78.25513458251953,474700
2016-08-03,78.16954399690154,78.379638671875,77.61708226907713,78.379638671875,457200
2016-08-04,77.05682860842303,78.80758965564218,77.05682860842303,78.43409729003906,502500
2016-08-05,78.76092981703313,79.36007673298377,78.66755372745189,79.1344223022461,419500
2016-08-08,79.49235489204149,79.66353547159704,78.83873418839501,78.94766998291016,715800
2016-08-09,78.73758330741994,78.99435715184421,78.30183418124172,78.39521026611328,369600
2016-08-10,78.55080859813789,78.83871365812963,78.30181171315049,78.75312042236328,671800
2016-08-11,79.09552698498695,79.68689706440166,78.89321507476886,79.36786651611328,654300
2016-08-12,79.28226276955411,79.28226276955411,78.70645841745157,78.97879791259766,415300
2016-08-15,78.97100984727062,79.93587818969363,78.93210760000613,79.77246856689453,398200
2016-08-16,79.89697991837787,80.02925826128805,79.15777182653294,79.40676879882812,394900
2016-08-17,79.22779380297483,79.85028915768304,79.14220054328857,79.74913024902344,401100
2016-08-18,79.6635299801846,80.43386924958315,79.57793672802921,80.42608642578125,415000
2016-08-19,80.16152751806956,80.93186682276077,79.966998469996,80.76846313476562,635800
2016-08-22,80.5505799426019,80.78401715847589,79.94365030519553,80.12261962890625,523200
2016-08-23,80.14598222863688,81.01747465799211,80.02148076591907,80.94744110107422,663800
2016-08-24,80.89297341020365,81.42987558062688,80.6517592462426,81.26647186279297,510400
2016-08-25,80.96297295710542,81.35980784662186,80.70619324985077,81.05634307861328,537500
2016-08-26,81.03299810678513,81.55433439134335,80.03701059701604,80.39494323730469,501700
2016-08-29,80.44942932854516,81.84225796769657,80.3949614347931,81.77222442626953,458200
2016-08-30,81.78000712041563,81.8189153029862,80.56614781212039,80.69064331054688,605700
2016-08-31,80.4727813445781,80.4727813445781,79.64798001728397,80.00591278076172,793400
2016-09-01,80.14596473473357,80.33271095149166,79.53903507785334,80.15374755859375,529200
2016-09-02,80.95519971408022,80.95519971408022,80.19264332439465,80.4649887084961,454800
2016-09-06,80.40273146984693,80.6672880726896,78.93986952194996,79.10327911376953,715800
2016-09-07,79.1486831621999,79.19567833068305,78.14620720457056,78.553466796875,884000
2016-09-08,78.4595230330875,78.49868469788254,78.00527401248218,78.09925842285156,523500
2016-09-09,77.51970217458671,77.54319678317255,75.95333119973351,75.9611587524414,838700
2016-09-12,75.4912392599193,77.28473451994806,75.23278664717827,77.19075012207031,643300
2016-09-13,76.65034297916337,77.07326373345627,75.93764152973571,76.04728698730469,921700
2016-09-14,76.21178110838235,76.58771278742576,75.60089735826423,75.76536560058594,716200
2016-09-15,75.50690213852641,76.02380136019505,75.36592853712042,75.88282775878906,1028800
2016-09-16,75.60869760468216,76.38404925582341,75.1544487685676,76.08644104003906,786300
2016-09-19,76.28224496726844,77.73897001834976,75.9376415432877,77.23773193359375,604200
2016-09-20,77.64500330307085,78.01310141239716,77.2064213729275,77.33956146240234,496700
2016-09-21,77.44137058717338,78.31854039063141,77.41004245398948,78.26371765136719,421000
2016-09-22,78.52999211370692,79.79092100038116,78.42818016968087,79.46981811523438,824400
2016-09-23,79.02339335744071,79.14869989101507,77.17507567919192,77.23773193359375,762100
2016-09-26,76.76783091797527,77.39438163328334,76.65035788718167,77.15159606933594,496800
2016-09-27,77.20640274885471,78.66312777998247,77.20640274885471,78.63963317871094,642200
2016-09-28,78.56915015132516,79.03906014282427,78.28720296137975,78.89808654785156,540100
2016-09-29,78.78843217416923,79.10954098344595,77.95042422525533,77.98958587646484,538000
2016-09-30,78.32637720243218,78.97641657375935,78.31854367500009,78.67097473144531,655900
2016-10-03,77.98177964375348,78.43602866575716,77.57452581469474,78.18540954589844,703200
2016-10-04,78.10707334790496,78.58481088827982,76.79132179226495,77.05760192871094,481400
2016-10-05,77.47269418959897,77.74680786988938,77.20641403595404,77.4648666381836,652400
2016-10-06,77.1750905458038,77.86429155130013,76.72084157673032,77.70765686035156,541900
2016-10-07,78.27153938612811,78.27153938612811,76.64251255737587,76.96361541748047,433500
2016-10-10,77.33173484444916,77.52753122007583,76.9871372865034,77.08111572265625,242100
2016-10-11,76.81481542982597,76.9557890224163,76.11778099291534,76.19609832763672,440800
2016-10-12,76.75217090466624,77.26124262101881,76.16478184162033,76.8226547241211,312200
2016-10-13,76.2587576671664,76.65035033182741,75.6713686701749,76.51720428466797,450900
2016-10-14,76.86181408636385,77.26907383735814,76.6268560780802,76.76000213623047,352000
2016-10-17,76.5563622972689,76.94795494329074,76.30574324282412,76.6190185546875,584800
2016-10-18,77.2142410485856,77.50402178014492,75.39725126947194,75.45990753173828,839800
2016-10-19,72.60128431239201,74.05018208502075,70.94093508573833,72.14704132080078,2774700
2016-10-20,71.8964156542087,71.9512383882767,69.55468721631651,70.10292053222656,1405100
2016-10-21,69.59386110340145,71.08974223884813,69.31974738488829,70.94876861572266,1178700
2016-10-24,71.3873403727762,71.9434012116037,71.07406506175559,71.2855224609375,784100
2016-10-25,70.8861046745301,71.2385356768883,70.68247481916126,70.87043762207031,833500
2016-10-26,70.72165494916545,71.40302252841047,70.63550406382139,71.3168716430664,568300
2016-10-27,71.56749973016336,71.56749973016336,69.78967100371251,69.82099914550781,904600
2016-10-28,69.96978119895469,71.0427473546479,69.92279198673893,70.36137390136719,598600
2016-10-31,70.55717588206643,71.04275302288328,70.173416676148,70.94876861572266,751300
2016-11-01,71.16804986274434,71.16804986274434,69.31189856368503,69.7034912109375,754900
2016-11-02,69.60169307814249,70.04027501797763,69.02996507065956,69.26492309570312,755300
2016-11-03,69.41370370630663,69.61733353600984,68.66968013944778,68.84981536865234,673000
2016-11-04,69.06128380308088,69.4685375524478,68.59137379220215,68.66185760498047,659900
2016-11-07,69.64083600371124,69.6878311852465,68.88897882667385,69.41371154785156,865400
2016-11-08,69.31191116980008,69.64868114669648,68.9516465858322,69.47637939453125,631100
2016-11-09,68.26244527773036,70.69031892745042,67.83169089905054,70.6276626586914,1001200
2016-11-10,70.94875678164576,74.06583705072958,70.94875678164576,73.22782897949219,1935000
2016-11-11,72.93804532065037,74.23030226924898,72.93804532065037,74.10499572753906,822100
2016-11-14,74.23032497343783,75.56957153789773,74.13634653221844,75.30329132080078,1108300
2016-11-15,75.46777278538156,76.21963032297246,74.44180145417405,75.24848175048828,844600
2016-11-16,74.99000265248488,75.49907436162094,74.2068172461926,74.67672729492188,587900
2016-11-17,74.7471959844368,74.7471959844368,73.79954262741187,74.08931732177734,873400
2016-11-18,74.01100924419532,74.30078994999067,73.60375552613249,74.0501708984375,1038900
2016-11-21,74.15981443774886,75.41290966303335,74.06583005514152,75.15445709228516,645300
2016-11-22,75.46774122087035,76.23525952198098,75.1701329373093,76.10211944580078,501600
2016-11-23,75.88280988177615,76.64250044508904,75.86714880763392,76.21174621582031,520000
2016-11-25,76.29011461808798,76.79135294019245,75.88285474685803,76.67387390136719,227200
2016-11-28,76.43104005082961,76.7129871980847,75.6478548585052,76.00812530517578,613700
2016-11-29,76.00814696802273,76.21960440111647,75.41292437914956,75.6165542602539,501600
2016-11-30,75.53823970090225,76.2352743235679,75.35027685243419,75.3659439086914,1032400
2016-12-01,75.31110405408391,76.42322578646055,75.23278074105272,75.35809326171875,709000
2016-12-02,75.42074452659635,75.97680535595426,74.80985499165621,74.989990234375,506200
2016-12-05,75.38159267669023,76.60335995501278,75.36593159822236,76.24309539794922,587400
2016-12-06,76.26659418178336,76.72867668751068,75.6713775637093,76.35274505615234,611600
2016-12-07,76.57192288158525,78.74820410288227,76.49307337689417,78.70088958740234,578500
2016-12-08,78.46436455357043,78.68514563910621,77.54180642353394,77.9439468383789,616900
2016-12-09,77.73891340031146,78.33029373519261,77.19484758298645,77.77045440673828,747800
2016-12-12,77.62064456697311,77.70738083339418,76.78482291017298,77.43928527832031,661500
2016-12-13,77.70738454491291,78.78763552511867,77.33678520992787,78.70878601074219,938700
2016-12-14,78.43282877912563,78.78765468803758,77.0923626453647,77.21063995361328,768600
2016-12-15,77.08447330397998,77.98337112105911,76.83215121525309,77.3919906616211,539500
2016-12-16,77.58911379746819,78.15683997410609,76.98984660925787,77.25794219970703,762900
2016-12-19,77.46295652667176,77.88875119639339,77.03716185695012,77.71527862548828,426100
2016-12-20,78.0543326083964,78.3855102322831,77.58122945177213,77.84143829345703,437700
2016-12-21,77.67584885291636,78.16471948501324,77.13177693956186,77.13966369628906,437500
2016-12-22,77.22639809597466,77.25793910628418,75.7597742036616,76.1461410522461,511500
2016-12-23,76.3117185321128,76.93463988224957,76.23286902284414,76.40634155273438,250600
2016-12-27,76.40635783036447,77.06870106832537,76.40635783036447,76.94254302978516,259200
2016-12-28,77.10811251212054,77.1554210145767,75.95689283097587,75.98843383789062,345100
2016-12-29,76.0121071739967,76.32751130650293,75.64150776948938,76.05152893066406,374400
2016-12-30,76.22500313311792,76.43790348383813,74.81357427226389,75.33399200439453,610800
2017-01-03,76.02787450892693,76.12249755322401,74.45085986564281,75.40495300292969,648000
2017-01-04,75.84652192752083,76.579833984375,75.65727583709597,76.579833984375,542900
2017-01-05,75.99634585055439,76.27232827066838,75.47593406188926,76.22501373291016,414600
2017-01-06,76.21711434625811,76.31961812396428,75.76765943458595,75.82286071777344,400200
2017-01-09,75.7991981379509,76.08306122308014,75.34974925580171,75.73612213134766,607700
2017-01-10,75.7755321329276,77.037142306845,75.44436059024275,76.70597076416016,470400
2017-01-11,76.57983773300019,76.95043114259757,76.28020108307688,76.86370086669922,468900
2017-01-12,76.72963846513163,77.4392961923058,76.08306276166915,77.34467315673828,546400
2017-01-13,77.39198059025604,78.0937514961979,77.39198059025604,77.72315216064453,503600
2017-01-17,77.44717543387148,78.04644256931468,76.43788721575598,76.9267578125,698300
2017-01-18,76.82425446598005,78.51954609903973,76.61136017523876,78.29087829589844,860800
2017-01-19,78.27511433425964,79.16613140277485,77.53392158849594,78.14895629882812,774100
2017-01-20,78.3303172922559,78.87438928903698,78.03068666483799,78.64572143554688,665000
2017-01-23,77.13178559413737,77.42353546745204,75.4364936575342,75.89382934570312,1251700
2017-01-24,76.09885709654142,76.76908723831589,75.75191188703414,76.4221420288086,915700
2017-01-25,76.80060888706926,77.40775683472906,76.64290382441975,77.12389373779297,638200
2017-01-26,76.83214324966565,77.30524636500037,75.86227674977182,76.59558868408203,837500
2017-01-27,76.91890413890955,76.96621266083336,75.94903732863058,76.22501373291016,655200
2017-01-30,76.3196110035069,76.57193306156266,75.49167605460046,76.54827880859375,609800
2017-01-31,76.28018529050912,76.82425718676336,75.56264686253782,76.33538055419922,680600
2017-02-01,76.39847943823581,77.1633325580808,75.5390092830839,75.96479797363281,607300
2017-02-02,75.98056381041154,76.53251651336011,75.75189597180905,76.18557739257812,366300
2017-02-03,76.28807135832284,76.88733851285748,76.11459881233918,76.59558868408203,476300
2017-02-06,76.4615473021387,77.12389048987431,76.33538325733224,76.65078735351562,463200
2017-02-07,76.72175668397101,77.07658253483149,76.11460274168448,76.4615478515625,372900
2017-02-08,76.4773228554785,78.11741951572368,76.39847332708531,78.09376525878906,866200
2017-02-09,78.09376532258038,78.92958115273099,77.99126153716885,78.59052276611328,532100
2017-02-10,78.64570508439519,78.7876366185756,78.01490294479636,78.67724609375,482800
2017-02-13,78.85072859228849,79.04785541376921,78.10952981845436,78.76399230957031,523400
2017-02-14,78.03068287366217,78.82707694321596,77.97548760245547,78.5826416015625,493500
2017-02-15,78.53533867408159,78.94536590576172,78.377639594718,78.94536590576172,487900
2017-02-16,79.03209099585983,79.3396083680908,77.68373819043678,78.24358367919922,707800
2017-02-17,78.10165785310899,79.37903594970703,78.03068906116806,79.37903594970703,902300
2017-02-21,79.32382272412124,79.56037728928312,75.97266714071196,77.01349639892578,1522900
2017-02-22,76.46943108775059,76.81637016582285,75.59418761236901,75.68880462646484,904500
2017-02-23,75.68881605896841,75.68881605896841,74.81357245138466,74.90819549560547,1009400
2017-02-24,74.66375985488102,75.9174836027061,74.59279106803868,75.89382934570312,672800
2017-02-27,75.91746492670423,76.25652323061516,75.37339308614597,75.83861541748047,666400
2017-02-28,75.56264823949795,75.73612079020872,75.12896686272104,75.46802520751953,760100
2017-03-01,76.12248679847211,76.69021295237815,75.87805148836414,76.1461410522461,709500
2017-03-02,76.09095758806411,76.10672508774773,75.42861431634842,75.59420013427734,606800
2017-03-03,75.60206961377321,75.68880588869587,74.41142805043965,74.671630859375,781000
2017-03-06,74.40355112596995,74.66375998512342,74.11968800977223,74.2616195678711,662100
2017-03-07,74.14334373331182,74.24585353697566,73.67812729335105,73.74120330810547,544700
2017-03-08,73.71342231497454,74.33292862825911,73.68165198357903,73.98346710205078,556500
2017-03-09,74.0708110675297,74.15023384164506,73.71339949465666,73.82459259033203,769600
2017-03-10,74.10259742476993,74.34086579867693,73.68164511768352,74.03111267089844,651100
2017-03-13,74.03110151208787,74.8332855203394,73.76106285044914,74.76974487304688,818200
2017-03-14,74.61881753527288,74.94445872149439,74.3964313883743,74.70618438720703,487200
2017-03-15,74.81739352153392,75.0715500382012,74.3249686789988,74.62677764892578,828800
2017-03-16,74.97623325558227,75.23833382613303,74.57116928832822,74.87297821044922,411000
2017-03-17,75.11923359634889,75.45281299952335,74.6506287646379,75.3733901977539,1294000
2017-03-20,75.4130561383462,75.4130561383462,74.75384180094692,74.9206314086914,460600
2017-03-21,75.17478426890142,75.17478426890142,73.86428763127178,74.1025619506836,691100
2017-03-22,74.15022012186519,74.30112760646092,73.62601900247037,74.23758697509766,522200
2017-03-23,74.150239150522,74.51558878526575,73.63398199245616,74.22171783447266,511900
2017-03-24,74.26938140896499,74.46794140177936,73.59427864531017,73.73723602294922,530700
2017-03-27,73.31624885515318,73.73719483525888,73.11768897324923,73.67366027832031,456300
2017-03-28,73.3559973881,74.20583383569738,73.14949331815431,73.94373321533203,516600
2017-03-29,73.8404777412474,74.23759765504603,73.30039441609851,73.60220336914062,893800
2017-03-30,73.5545666007344,74.4282293854467,73.10185004486539,73.34011840820312,506300
2017-03-31,73.30040283444963,74.08669865739552,73.01447597891118,73.39571380615234,685400
2017-04-03,73.46718604373059,73.46718604373059,70.87002440331402,71.75162506103516,1301200
2017-04-04,71.52131269248648,72.00579956552396,71.29098237091372,71.50542449951172,910500
2017-04-05,71.64836504696476,72.49025721853987,71.42597889293118,71.66425323486328,811000
2017-04-06,71.74370001701928,71.99785657237886,71.21156067604298,71.73575592041016,585500
2017-04-07,71.54512557841475,71.96607172018236,71.346565620255,71.37039184570312,413200
2017-04-10,71.48159373538262,72.31554808612333,71.26715162038718,71.31480407714844,690400
2017-04-11,71.2274212409754,71.966064453125,70.96532066837462,71.966064453125,693000
2017-04-12,71.60074058148483,71.66428123877196,70.83032677569747,71.02094268798828,711900
2017-04-13,70.91765397126191,71.52127775849428,70.59201282960787,70.6396713256836,615100
2017-04-17,70.78264548302654,71.58482323116304,70.78264548302654,71.56099700927734,811300
2017-04-18,71.33068805816991,72.05344932215243,70.93356808268148,71.59278869628906,1084000
2017-04-19,73.77695565422796,75.44485849971386,72.6888446353359,72.99860382080078,1908900
2017-04-20,73.18921685350301,74.00728307996566,73.15744652651016,73.78489685058594,984500
2017-04-21,73.78487815586888,74.27730295056783,73.54660379357865,73.95166778564453,722500
2017-04-24,74.63472176425319,74.63472176425319,73.59426947067638,74.34085083007812,938200
2017-04-25,74.74591912920152,75.12715089628591,73.88019446805171,74.09464263916016,636800
2017-04-26,74.32498673824065,74.57119921933212,73.79284734897874,73.96757507324219,665900
2017-04-27,74.1422783077443,74.57116849328153,73.77692875552408,74.12639617919922,745400
2017-04-28,74.14227779825487,74.14227779825487,72.41877903346109,73.0859375,1551800
2017-05-01,73.22893780695439,73.22893780695439,72.22025550469404,72.54589080810547,771800
2017-05-02,72.60146860005861,73.13360785261334,72.48233140899893,73.12566375732422,662700
2017-05-03,73.18126220243889,73.23685875176551,72.62529670917262,73.11772155761719,724100
2017-05-04,73.10977019911738,73.51482810201199,72.81589931504533,73.26861572265625,816200
2017-05-05,73.39570768633168,73.64986419677734,72.93504711753351,73.64986419677734,592600
2017-05-08,73.66575205721172,73.8007713883568,73.23686177630708,73.49896240234375,480000
2017-05-09,73.586330394105,73.85636906049204,73.2448069833645,73.72929382324219,445500
2017-05-10,73.72926481854256,73.72926481854256,73.0938707035447,73.69749450683594,633500
2017-05-11,73.31630033464641,73.31630033464641,72.03757331255356,72.9509506225586,577200
2017-05-12,72.75238042066957,72.879461725128,72.28378174451187,72.62530517578125,516000
2017-05-15,72.68883284700115,73.76106155766853,72.53793138678826,72.95887756347656,857600
2017-05-16,73.1415478429237,73.1415478429237,72.14080995424553,72.70471954345703,518900
2017-05-17,72.70471533813831,72.97475397387264,72.02961268923346,72.37907409667969,806900
2017-05-18,72.37112241712073,73.33215171066144,72.21227084407603,72.79206848144531,845400
2017-05-19,72.84770040319871,73.45132455484571,72.01374590342891,73.16539764404297,2531000
2017-05-22,73.18124545495013,73.75309900833814,73.13359301202381,73.4354019165039,687100
2017-05-23,72.59354382378622,72.79210384187121,71.12420090187148,71.99786376953125,1380000
2017-05-24,71.69603044114879,72.14874692493413,71.34656901864898,71.61660766601562,907000
2017-05-25,71.87076147659425,72.68882754285137,71.50541187707987,72.56175231933594,611600
2017-05-26,72.67294683568241,74.57117960706202,72.51410128828455,74.0866928100586,1143300
2017-05-30,73.9119644916021,74.32497264043012,73.04624589353935,73.49896240234375,1033100
2017-05-31,73.4989593551885,73.63397868073588,73.10183941447076,73.5625,1189100
2017-06-01,73.89610444216349,74.93655710183954,73.48309616991473,74.74594116210938,682000
2017-06-02,74.88887976450452,75.33365216270946,74.62677914717543,74.88093566894531,802800
2017-06-05,74.76180846963868,74.96831256480218,74.30909191534543,74.48382568359375,606800
2017-06-06,74.2137942971294,74.2137942971294,72.83181220839252,73.16539764404297,714800
2017-06-07,72.78532193047491,73.68943551480957,72.78532193047491,73.48140716552734,647300
2017-06-08,73.48143922277336,73.52144680503824,72.63333219659789,72.72134399414062,610300
2017-06-09,72.76932319509501,73.37740283155493,72.44928706418781,73.29739379882812,692400
2017-06-12,73.29740373856276,74.38554382324219,73.29740373856276,74.38554382324219,566100
2017-06-13,74.39353012903251,75.16962439505411,73.88145893377573,75.09761810302734,579100
2017-06-14,74.76157976652017,76.089746746072,74.7055728355324,75.41766357421875,796000
2017-06-15,74.99360575850007,75.98573109303986,74.87358916944588,75.8817138671875,617100
2017-06-16,75.78570441866881,76.52979993523346,75.00960407185117,76.49779510498047,1354000
2017-06-19,76.68182984493183,76.70583805041443,74.72958366226761,74.80158996582031,1010500
2017-06-20,74.40954026271633,74.42553962849449,72.88934413326355,73.02536010742188,877100
2017-06-21,73.04935091739301,73.2013662211303,71.68917318681223,71.92120361328125,974200
2017-06-22,71.8731975322216,72.12923004705564,71.21711383144083,71.74517822265625,919700
2017-06-23,71.72919425808261,72.74532180261285,71.43315411938897,72.60130310058594,2244200
2017-06-26,72.8013253467577,73.35339802953852,72.4972885918786,72.93734741210938,583800
2017-06-27,72.88133105006857,73.44940917545544,72.45727771772695,72.6893081665039,653000
2017-06-28,73.0413715713675,74.17751586809689,72.94535705592465,73.56143951416016,630700
2017-06-29,73.6093992932093,73.92143864969559,72.58526949712142,72.90531158447266,630800
2017-06-30,73.11334606777372,74.6015368359762,72.969327409422,74.21749114990234,827500
2017-07-03,74.24951057957652,75.18562899085221,73.60142343736486,74.9375991821289,541100
2017-07-05,73.53742485370394,74.08949143640473,71.05710218152365,71.33714294433594,1817700
2017-07-06,69.68892391317607,70.88107488422209,68.97683320325015,69.40088653564453,1709200
2017-07-07,69.48089699768367,69.92095580697823,69.22486444617525,69.49690246582031,831400
2017-07-10,69.30488145991112,69.46489951983683,67.9047020705191,68.0887222290039,1406600
2017-07-11,68.05669546294307,68.2727264889481,67.06457038168934,67.42461395263672,1106700
2017-07-12,67.5686695613452,67.67268681753887,66.8565786573537,67.20862579345703,1455700
2017-07-13,67.24861527281146,67.28061399993804,66.25648381155962,66.96857452392578,2449700
2017-07-14,67.21663121106155,67.31263963070235,66.63255353961627,66.68856048583984,1129200
2017-07-17,66.76855216508031,67.71267337313506,66.76055553505702,67.26461791992188,1122200
2017-07-18,67.1526120989879,67.42464405550439,66.14448110422413,66.41651916503906,1322500
2017-07-19,66.60052305998146,66.68853481363769,65.94443932636943,66.37649536132812,3090000
2017-07-20,65.94444585077413,67.4486424407776,64.69628791804578,65.3603744506836,2548000
2017-07-21,65.75240702530249,66.74453216458586,65.6083883676407,66.17646026611328,1685400
2017-07-24,66.11248196080358,66.16049227231626,65.20836813391774,65.4563980102539,966400
2017-07-25,65.76840353217453,66.95255756649975,65.70439999044287,66.66452026367188,1045600
2017-07-26,66.76855008861246,66.85656185051332,66.24048562150483,66.25648498535156,970000
2017-07-27,66.41651663169257,68.00071631588199,66.22448761810132,67.8406982421875,1224400
2017-07-28,67.79267988978167,68.18472836150507,66.63252773262492,67.15259552001953,971300
2017-07-31,67.28861884508582,68.04071714640385,67.2646167468391,67.95270538330078,1973400
2017-08-01,68.01672265897695,68.25674977259996,67.07260136174382,67.97671508789062,968300
2017-08-02,67.72868926681936,68.1847475245517,67.46465393226416,67.55266571044922,655800
2017-08-03,67.46462872924056,67.96069437512116,67.23259831927848,67.2966079711914,560900
2017-08-04,67.4646186449108,67.55263037706136,66.96855307318,67.1125717163086,524500
2017-08-07,67.1286105159916,67.5446611892596,66.84857582203252,67.3286361694336,438100
2017-08-08,67.3846601626165,67.68069429788291,66.66456640711702,66.7685775756836,539900
2017-08-09,66.64852284829163,66.93656015952087,66.33648344517597,66.79254150390625,650400
2017-08-10,66.39251154953409,66.57653171558901,65.68041467196704,65.84043884277344,556000
2017-08-11,65.69641568625293,66.35249948132456,65.68841295218081,66.25648498535156,470400
2017-08-14,66.6485464586462,67.14460614481847,66.18448550346076,67.02458953857422,679000
2017-08-15,65.6084031406788,65.8484363255954,63.89618432754636,64.39225006103516,2197300
2017-08-16,64.80030262896771,66.07246883441255,64.59228036487065,65.80843353271484,913900
2017-08-17,65.80042474671772,66.44851189167319,65.15234370605961,65.20034790039062,747500
2017-08-18,65.024332913042,65.58440837233867,64.97632871241304,65.28836822509766,698800
2017-08-21,65.40837740207805,66.49651725760015,65.088335190872,66.14447021484375,1011700
2017-08-22,66.37653132358919,66.5685542972861,65.76845145186535,66.12049865722656,631700
2017-08-23,65.89644757807216,66.24849465917316,65.6724198371163,66.06446838378906,483700
2017-08-24,66.37651564427298,66.65655035316101,65.77643865195631,65.99246978759766,665700
2017-08-25,66.12849157714068,67.10461788032177,66.12849157714068,66.6485595703125,516100
2017-08-28,66.79255920733576,66.83256066965023,65.96844850692882,66.36849975585938,411800
2017-08-29,65.88843215857538,66.27248400077605,65.44037676292207,65.47238159179688,543400
2017-08-30,65.50439423742911,66.44851543686009,65.31236524126514,66.32849884033203,621700
2017-08-31,66.3365011200275,66.84856623102729,66.20848179012874,66.27249145507812,1037600
2017-09-01,66.59254754316613,67.31263505876038,66.4885302898878,67.08060455322266,450100
2017-09-05,66.8325782736388,67.94472055026498,66.8325782736388,67.45665740966797,850700
2017-09-06,67.72066958911816,68.28874158527685,67.55264881033575,68.2567367553711,896500
2017-09-07,68.38174771515159,68.38174771515159,67.76075187448083,68.09947967529297,921800
2017-09-08,68.1720728298044,69.09146384529416,67.99464541401113,68.83338928222656,744200
2017-09-11,69.09951039845022,69.75276010110441,68.80917582994142,69.21241760253906,752100
2017-09-12,69.37371272122297,70.26084955445879,69.31725911846989,69.71244049072266,963900
2017-09-13,69.67213882187053,70.12376780575644,69.48665098333885,70.11570739746094,556200
2017-09-14,70.09956214911449,70.09956214911449,69.39792526380103,69.67212677001953,512700
2017-09-15,69.61567195459514,69.9463332213062,69.3817909458688,69.8818130493164,906800
2017-09-18,70.06729888916016,70.14795217837852,69.69631714008767,70.06729888916016,733800
2017-09-19,70.3011816036936,70.365701775447,68.42207313400604,69.24468994140625,1150700
2017-09-20,69.37374339749059,70.35765475453091,69.22051563825168,69.93828582763672,851100
2017-09-21,70.00279106458267,70.17215191155553,69.57534951405195,69.6398696899414,408300
2017-09-22,69.73663017276334,71.05119608047161,69.72049705687586,70.95442199707031,765300
2017-09-25,78.2369783465406,78.75312737537381,74.68038259947423,75.18040466308594,4275200
2017-09-26,75.56751157653622,77.14015830326193,75.43041083994964,75.9384994506836,1768800
2017-09-27,75.93045006288973,76.48691969398908,74.93847229382764,76.18045806884766,1304500
2017-09-28,75.76108326869094,76.89015556388668,75.6965630938276,76.7691879272461,835200
2017-09-29,76.99499992401927,77.46276194734584,76.64014512660154,77.14016723632812,738000
2017-10-02,77.01112326330077,77.96277423183749,76.56756094040392,77.72083282470703,728700
2017-10-03,77.72082310932579,77.85792383819317,76.90627298861624,77.38209533691406,561900
2017-10-04,77.22079583319517,77.23692279603152,76.68045335995507,77.0111083984375,652100
2017-10-05,76.86595976125756,77.26114120586087,76.61595178229075,77.2530746459961,720800
2017-10-06,76.96273665154474,77.30145831524902,76.81756934524546,77.05951690673828,570500
2017-10-09,77.22888570946714,77.29339973327264,76.69660348043834,76.76112365722656,445100
2017-10-10,76.86594802448445,77.4062966992353,76.74498040989533,77.03530883789062,688000
2017-10-11,77.1079092584209,77.4063104510439,76.77724797851576,77.01919555664062,686900
2017-10-12,76.9627287192646,77.57565796635373,76.46270668177327,77.30951690673828,474400
2017-10-13,77.32564387111735,77.82566590860867,77.02724888274376,77.30951690673828,527900
2017-10-16,77.31759661641259,77.5353445139648,76.93048172267447,77.43050384521484,361900
2017-10-17,77.63212357826978,78.24504676717638,77.54340987801024,78.11601257324219,611900
2017-10-18,78.56763539461316,79.54347986888425,78.30149431445327,79.06765747070312,1235800
2017-10-19,74.462644752809,74.59167895089884,71.0673489657434,72.34965515136719,2664900
2017-10-20,72.29321870174493,72.29321870174493,71.08349281161804,71.47866821289062,1601200
2017-10-23,71.52705604569842,72.47870725371378,71.22058823870375,71.99481201171875,1489600
2017-10-24,72.091584169238,72.84968088684214,71.6399552241034,71.70447540283203,1168600
2017-10-25,71.79319702680526,71.90611043819968,71.0189731892843,71.34156799316406,695900
2017-10-26,71.33346918122749,72.60771469632654,70.4302115223067,72.0996322631836,980700
2017-10-27,71.85769325355417,71.94640694885959,70.93023580907703,71.2528305053711,751700
2017-10-30,71.13186470657793,71.4463928786866,70.69636889364496,71.0028305053711,625700
2017-10-31,71.09959040580553,71.55121921014255,70.8253828081859,71.15604400634766,569600
2017-11-01,71.61575679870404,71.61575679870404,70.46248483296041,70.51087188720703,618300
2017-11-02,70.45441815044792,71.59962355416548,69.72051501307665,71.39800262451172,624200
2017-11-03,71.41414324802189,71.5351108961382,70.77702030501575,70.80928039550781,567500
2017-11-06,70.99475373259313,71.00282029181531,70.15601000996001,70.37376403808594,569000
2017-11-07,70.30924660264867,70.81732909971797,69.39792227054537,69.70438385009766,729700
2017-11-08,69.88985806677037,70.0027652564598,69.22047533291139,69.37370300292969,1555300
2017-11-09,69.09951156537322,69.6075939923533,68.71239674983036,69.00273132324219,1015500
2017-11-10,68.5994810375403,69.64791199518726,68.55109399896537,68.91400909423828,1228200
2017-11-13,68.59950207299667,69.35759872569702,68.41401426626086,68.78499603271484,943200
2017-11-14,69.40597447865058,70.47053255127219,69.18016006218257,69.36565399169922,711000
2017-11-15,68.88177055938115,71.22863474928513,68.41400857205257,68.55110931396484,657200
2017-11-16,68.72854332646448,69.40598669510834,68.31723490808358,69.34953308105469,717400
2017-11-17,69.31728840210796,70.00280463611581,69.19632074009137,69.46245574951172,572700
2017-11-20,69.4624291966627,69.83341090866365,69.27694141715294,69.56727600097656,519800
2017-11-21,69.8414762960205,69.8414762960205,68.76885166560521,69.3172607421875,1108600
2017-11-22,69.31727712911076,70.34958151664588,69.29308360064202,70.09150695800781,390800
2017-11-24,70.10762090459473,70.19633459449152,69.68825213206763,70.0350341796875,246900
2017-11-27,70.1318184768664,70.76087474845959,70.0995583920434,70.66410064697266,675500
2017-11-28,70.68830093788874,72.10771404104143,70.68830093788874,72.05125427246094,949600
2017-11-29,72.15610519800427,74.09166751178478,72.15610519800427,73.79326629638672,963300
2017-11-30,73.8174517907448,75.14815112118958,73.64002439295453,74.97879028320312,1292700
2017-12-01,75.07556348597466,75.2691240010446,73.36582200706579,74.89007568359375,1098700
2017-12-04,75.28525088005252,75.9465672566513,75.2287972681349,75.77720642089844,1019700
2017-12-05,76.41432182577172,76.8094970706902,75.32557018602725,75.9384994506836,913600
2017-12-06,75.74494295048873,76.253031588026,75.33364071903146,75.58364868164062,1343800
2017-12-07,75.44149684981728,76.61937923344932,75.44149684981728,76.19696807861328,1320800
2017-12-08,75.44149296418335,77.14739385171222,75.44149296418335,77.04991149902344,774400
2017-12-11,76.83870357384663,76.87932277059636,75.53896984690546,75.94513702392578,711400
2017-12-12,76.14821193081823,76.32692645995111,75.00282384496806,75.3277587890625,710700
2017-12-13,75.20591319310051,76.2050809408177,75.20591319310051,75.75830078125,706800
2017-12-14,75.70956502987399,75.81517247034375,74.27173584168942,74.3123550415039,763500
2017-12-15,75.100320749969,75.87204223022388,74.39359371364182,74.7185287475586,1273400
2017-12-18,75.44150299522575,76.13198604179489,75.09219893200324,75.90453338623047,580700
2017-12-19,76.22134319037426,76.33506951795177,75.55522918701172,75.55522918701172,577600
2017-12-20,76.00202085878519,76.12387228456744,75.36840088186267,75.725830078125,446200
2017-12-21,76.01825519139368,76.830589597292,75.7826774699688,76.78997039794922,609900
2017-12-22,77.12302068379759,77.61042002590786,76.80621080154498,77.26111602783203,765300
2017-12-26,77.13114967310683,77.95160916171761,77.0580425511376,77.48857879638672,339800
2017-12-27,77.54543683520531,77.7891396209121,77.27736501045169,77.71602630615234,430500
2017-12-28,77.71600767215975,77.86222806900066,76.7087150481545,77.5616683959961,516900
2017-12-29,77.49669575483162,77.92723195496428,77.15551682615506,77.17988586425781,494900
2018-01-02,77.6104477687168,78.90205679689147,77.6104477687168,78.45527648925781,945000
2018-01-03,78.60958822616995,79.18635103851953,78.37401673085061,79.04013061523438,647300
2018-01-04,79.34070383640183,79.96620483035508,78.76394712357973,79.12950134277344,650300
2018-01-05,79.26759444240672,79.3894458453171,78.13845009083549,79.20260620117188,681400
2018-01-08,79.39756457354791,80.06367855086599,79.20260604784062,79.592529296875,836200
2018-01-09,79.73061417253146,80.66479987331822,79.73061417253146,80.38047790527344,1006400
2018-01-10,79.93370594680654,80.9409988642884,79.84434866727949,80.74604034423828,912900
2018-01-11,80.73790979284438,82.83373388360054,80.36423673906617,82.77687072753906,886900
2018-01-12,82.81750463620432,83.98726836780945,82.5575578289166,83.89791107177734,1026100
2018-01-16,84.51525784316992,85.1976156522763,83.42672670313344,83.50796508789062,1070900
2018-01-17,83.743540061142,84.32030286838406,83.52421252696597,84.06035614013672,633400
2018-01-18,84.27969274657535,84.34468098503754,82.97995896542918,83.61357879638672,610600
2018-01-19,83.78415469636202,84.84831058884394,83.78415469636202,84.59648895263672,613000
2018-01-22,84.68585362728155,84.68585362728155,83.66231063947458,84.58837127685547,738700
2018-01-23,84.3934262386574,85.21388577552929,84.18221754451194,85.07579040527344,542700
2018-01-24,85.29510653355378,86.71669164244634,84.75896288905706,86.61920928955078,726700
2018-01-25,86.05871602941987,86.76544305426047,85.50632834002552,86.3592758178711,860200
2018-01-26,86.54610927032499,87.43155080733165,86.12369190408971,87.39093780517578,504600
2018-01-29,87.3909479023586,87.52904328135968,86.77357194063198,86.92791748046875,579700
2018-01-30,86.66794135265346,86.84665587563683,85.18136821796635,85.4494400024414,674000
2018-01-31,85.59565637859853,86.00994235586181,83.84913661941059,84.53961944580078,2011100
2018-02-01,83.9791369401467,84.73460826010896,83.49173748802079,83.8410415649414,910100
2018-02-02,83.66230725954274,84.59649293778975,82.77686585334904,83.01244354248047,1091400
2018-02-05,82.36257861160563,83.56483616722929,80.95724366767698,80.96536254882812,1488100
2018-02-06,79.83620401660676,81.74518814307145,78.72331013142107,81.28215789794922,1221100
2018-02-07,81.20094699204927,82.72001457199066,80.55920206354845,80.64043426513672,1025800
2018-02-08,80.68918498455137,81.59087674867676,78.2115623538248,78.23593139648438,1450700
2018-02-09,78.89392218327096,79.64126837248921,75.40088165032938,78.8370590209961,1291000
2018-02-12,79.68188455309675,80.120545907119,78.40651969325471,79.3813247680664,951600
2018-02-13,79.43816735681291,79.7306081837474,78.0490765276833,78.57709503173828,1101400
2018-02-14,78.22779693089312,80.6810438326487,78.00846319540824,80.38047790527344,922100
2018-02-15,80.8272694480374,81.9807827607717,80.07179823946252,81.97266387939453,979500
2018-02-16,81.63147434422636,82.11075481733099,80.50233013160133,81.0953369140625,1112200
2018-02-20,78.43901341464817,78.70708527367292,76.68437420514637,76.90370178222656,1711200
2018-02-21,76.68438205209475,77.00119202786244,75.14094518180912,75.82330322265625,1258500
2018-02-22,75.98578188230461,77.03369429662834,75.10033391460817,75.4902572631836,975400
2018-02-23,75.8151715899191,76.8468335584573,75.27902790716877,76.78997039794922,821200
2018-02-26,76.93618563835967,77.19613238277107,76.23757760070045,77.066162109375,659200
2018-02-27,77.27736581560669,77.34235405215486,75.18966674804688,75.18966674804688,797600
2018-02-28,75.44960283801868,75.98574641737217,74.58853051706504,74.60477447509766,975900
2018-03-01,74.51544758966064,75.23842481027758,73.51627341191583,74.25550079345703,883200
2018-03-02,73.84120994519559,74.14989483515397,73.24008412891003,73.8087158203125,1017500
2018-03-05,73.41876117848702,74.88909026309771,73.15881448800846,74.5560302734375,683900
2018-03-06,74.7022605353064,75.25464810019389,74.0117776286017,75.16529083251953,735900
2018-03-07,74.42606301658894,74.8809681937948,73.84118139011387,74.45855712890625,696800
2018-03-08,74.7451382873123,74.77788967226932,73.91818299553964,74.11468505859375,684400
2018-03-09,74.63869385958667,75.86684256835987,74.05736464034915,75.83409118652344,542700
2018-03-12,75.83408596862806,76.25984140983215,75.01532021911585,75.62939453125,860400
2018-03-13,75.93236458827293,76.15343492824654,74.85978302130971,75.10541534423828,628400
2018-03-14,75.35919991133133,75.47382661588411,73.83629512605948,74.00004577636719,826300
2018-03-15,74.14745409632427,74.51590257979365,73.63982312535542,73.89363861083984,716700
2018-03-16,74.04101643598379,74.90072331368667,73.62344398852615,74.32758331298828,3776300
2018-03-19,74.31935653575016,75.03987431759079,73.68890972332589,74.09010314941406,699700
2018-03-20,74.3767072785635,74.69603179487069,73.68894677375273,74.32758331298828,611000
2018-03-21,74.40125789127508,74.76970003922817,74.05737147360587,74.08193969726562,549300
2018-03-22,73.63980696290261,73.90999496211867,71.96133437109727,72.03502655029297,719600
2018-03-23,72.2151650063102,72.38711137840873,70.78232438121128,70.83963775634766,800700
2018-03-26,71.60107090314285,72.73915493203593,71.39637944115938,72.55084228515625,746400
2018-03-27,72.68182935758672,73.59065979578965,72.19876058690072,72.54264068603516,647300
2018-03-28,72.87834852088282,73.63980099519458,72.24789533153124,72.608154296875,906600
2018-03-29,73.00935830505969,74.03281574315918,72.93567236792698,73.55792999267578,719900
2018-04-02,73.19766647527742,73.51698464934684,70.2501107356509,71.03612518310547,803600
2018-04-03,71.42913575879976,72.23152909374458,71.05250419233607,72.1578369140625,809900
2018-04-04,71.4700594048751,73.63978978053242,71.46186999872239,73.46784973144531,581400
2018-04-05,73.72987660946302,74.58957711260292,73.00935857252082,74.22932434082031,1011800
2018-04-06,73.91818442866021,74.47494549034795,72.17421531103109,73.08304595947266,1417700
2018-04-09,73.27136837459184,73.72169217808377,72.6163593155996,72.71460723876953,654000
2018-04-10,73.34505646385398,74.5158920407973,73.20586774935093,73.99188232421875,709800
2018-04-11,73.45151042610676,73.81995894091452,72.89474919530635,73.41057586669922,427600
2018-04-12,73.65619852852934,74.24571112738003,73.54976118300507,73.7953872680664,547300
2018-04-13,75.57210366315537,75.94054586138144,73.02574092483378,73.29592895507812,763600
2018-04-16,73.55793026214656,74.36032364509894,73.13217471488038,74.22932434082031,736900
2018-04-17,74.36033310608322,74.67965136883234,73.92638809499796,74.29483032226562,523400
2018-04-18,74.69599953360752,75.3018844185476,74.32755121085823,74.80243682861328,948900
2018-04-19,72.77192363578705,73.95094873636819,71.2490182964328,72.1660385131836,1963800
2018-04-20,72.17421782572099,72.58360078985248,71.14257100703688,71.84671020507812,1242200
2018-04-23,71.75662227779259,72.86195467461762,71.560120267547,72.69820404052734,1148100
2018-04-24,72.81285884931269,73.95913247061965,72.10053019792389,72.37891387939453,1082800
2018-04-25,72.19059444652999,73.23861389404337,72.04321632130538,72.72279357910156,974100
2018-04-26,73.02572590710024,74.10649654588362,72.58359161214055,72.86196899414062,1410500
2018-04-27,72.79646670231844,74.58137006186513,72.78827729564807,74.45037078857422,1150600
2018-04-30,74.67964097551476,74.71239236286547,72.10871641202355,72.31340789794922,1946100
2018-05-01,72.23971217081893,72.87015911348294,71.51919424013143,72.608154296875,962300
2018-05-02,72.77191695075291,73.01754923970589,71.63383275553537,72.00228118896484,3442500
2018-05-03,72.19059544278677,72.82923191201063,71.69114769189352,72.55904388427734,1751000
2018-05-04,72.34614054358698,73.96729319400312,72.0186330016111,73.6234130859375,955600
2018-05-07,73.63160667490494,73.84448752628481,73.00115977430598,73.5251693725586,934000
2018-05-08,73.8199317114133,73.93455843017674,73.05028981684077,73.50879669189453,884100
2018-05-09,73.75442531286333,74.02461952808193,72.8046539793752,73.84449005126953,1062800
2018-05-10,73.93456035390633,74.32756447226737,73.69711750266463,74.15562438964844,503900
2018-05-11,74.0491815284172,75.08082194684764,73.64798178567355,74.81881713867188,576900
2018-05-14,74.82700893726474,75.39195936066619,74.53225273781072,75.12176513671875,462900
2018-05-15,74.87614184184599,75.14633609810282,74.6632671975421,75.06446075439453,1121800
2018-05-16,75.28551758672793,76.03059751039868,75.28551758672793,75.69490051269531,559800
2018-05-17,75.6212227045585,76.0797296319359,75.4902171557716,75.87503814697266,528500
2018-05-18,75.9650852402728,76.27622022296708,75.33463836169065,75.62939453125,645400
2018-05-21,76.0797028568518,76.71833906570878,75.67850943659043,76.57096099853516,810200
2018-05-22,77.02129077038991,77.63536505831586,75.04806864013165,75.14631652832031,2124200
2018-05-23,74.81064863281473,75.06446408357387,74.13926078992878,74.62232971191406,978000
2018-05-24,74.44218799649491,75.2773326438438,73.77080026366913,75.12176513671875,599300
2018-05-25,75.01533779161862,75.37559055804685,74.67964075727114,74.90071105957031,464300
2018-05-29,74.46673420683543,74.72873896791646,73.5824720423659,73.9836654663086,618000
2018-05-30,74.2784507238501,75.53935108297155,74.00006704230161,75.0726547241211,638600
2018-05-31,74.98255709676756,74.98255709676756,73.852656541511,74.33573150634766,1432400
2018-06-01,74.53226569136277,75.49022038273505,74.26207142045612,74.89252471923828,504900
2018-06-04,75.12177413709094,76.35811244144439,74.91708265442855,76.11248016357422,790300
2018-06-05,76.03879192186243,76.6528663512238,75.90778637852169,76.39086151123047,682200
2018-06-06,76.57916868198147,77.15230852298045,76.43179057963175,77.07042694091797,592700
2018-06-07,77.21069365086828,78.233787189166,77.16118475904767,77.90375518798828,890300
2018-06-08,77.8130008707436,78.11002906003338,77.42521371834651,78.06877899169922,775700
2018-06-11,78.06052792910734,78.81134465322585,77.90376129991056,78.64633178710938,605100
2018-06-12,78.78660960257073,78.78660960257073,78.21731069066456,78.44007873535156,435100
2018-06-13,78.5885813045553,78.67108774249543,77.67274536529315,77.85426330566406,487500
2018-06-14,78.08527617936282,78.25854157046821,77.557227474612,77.61498260498047,554900
2018-06-15,77.54074772830582,78.53909025234503,77.07870027717495,78.44007873535156,1274800
2018-06-18,77.88727137400312,78.36581755284392,77.56549184215729,77.8130111694336,563800
2018-06-19,77.24371089282548,77.62324555688815,76.90542630179952,77.4747314453125,512300
2018-06-20,77.6314813730127,78.01102228096214,76.83116207928892,77.61498260498047,422100
2018-06-21,77.37570329498413,77.4087071232168,76.23709954772183,76.39385986328125,484600
2018-06-22,77.12820314203077,77.39222753849502,76.56715051268948,76.76516723632812,1293200
2018-06-25,76.50112175820068,76.73214225458905,75.56053471157004,76.11333465576172,785300
2018-06-26,76.26186000330735,76.56714072999254,75.91532920750511,76.3691177368164,607600
2018-06-27,76.64139658450955,77.20244915646568,75.75856450898834,75.83282470703125,645600
2018-06-28,75.75856481659284,75.98133282195106,75.19751224235866,75.68431091308594,1113700
2018-06-29,75.84106051690601,76.55887962338738,75.73380279541016,75.73380279541016,769000
2018-07-02,75.37901609627164,75.44502375028341,74.56219183609424,75.09024047851562,527100
2018-07-03,75.35426475278913,75.70904802433593,74.72720462974068,74.85096740722656,497000
2018-07-05,75.32126917356845,75.40377560264814,74.57044619081816,75.39552307128906,730600
2018-07-06,75.2140298343803,75.4285453434671,74.72723108256943,74.86749267578125,1353400
2018-07-09,75.12324084059628,77.26018660826436,75.12324084059628,76.51761627197266,803200
2018-07-10,76.55889334653759,77.13644471171284,76.29486896605208,77.07868957519531,761100
2018-07-11,76.67440802147762,76.8559259737645,75.74207325135826,75.95658874511719,572400
2018-07-12,76.51762541479916,76.71564839136207,75.78330752084626,76.25360107421875,452900
2018-07-13,76.4268807764265,77.28496161778645,76.40212947342809,76.93843078613281,651400
2018-07-16,77.19420016281146,77.43347324216994,76.55064112618277,76.93017578125,829600
2018-07-17,76.89716375903971,77.80475337543164,76.28660862197006,77.70574188232422,798300
2018-07-18,77.81302481640185,78.26681977158609,76.90544120087254,78.0770492553711,1442500
2018-07-19,78.407055464301,80.61826177043051,77.16944013538158,80.27998352050781,1606900
2018-07-20,80.44500238078196,81.45984979592957,80.1067178107869,80.90704345703125,1192700
2018-07-23,80.8740478273137,81.57536833969401,80.77504261226758,81.32784271240234,944900
2018-07-24,81.69085521106322,82.14464367127562,80.2799746474157,80.75851440429688,1187500
2018-07-25,80.65951562068095,80.72551698542497,78.95160677175508,80.03245544433594,901700
2018-07-26,80.3212296005225,81.0968038491581,80.27172700417105,80.53575134277344,534000
2018-07-27,80.41200175666205,80.88229538370976,79.61992861083634,79.77669525146484,468000
2018-07-30,79.66117765969055,80.31298287488929,79.47140720189792,79.628173828125,695700
2018-07-31,79.82618984765986,80.4697488206531,79.05886808105166,80.2882308959961,1378700
2018-08-01,80.09845672919977,80.39548487883775,79.80968111006183,80.15621185302734,842600
2018-08-02,79.95820070479988,80.90703404820779,79.84268415433363,80.71726989746094,708700
2018-08-03,80.86578977651426,81.50934875965648,80.27998592532488,80.89054107666016,357600
2018-08-06,80.66777643428453,81.2618328881896,80.48626477989177,81.17107391357422,367800
2018-08-07,80.66774968216589,82.19414667912703,80.66774968216589,81.93012237548828,432600
2018-08-08,81.77336185821956,82.07864253926546,81.56709265895957,81.95487976074219,507600
2018-08-09,82.1529050095864,82.37567299832523,81.9053794266881,81.9878921508789,331800
2018-08-10,81.52586041544001,81.79813734975983,80.79979488542538,80.8823013305664,489400
2018-08-13,80.88229507320682,80.9978053464356,79.6446796073232,79.6859359741211,549500
2018-08-14,80.16446986408806,81.36082878009448,80.14796480195956,81.0802993774414,534000
2018-08-15,80.61826870815017,81.20407259220376,79.97470968890362,80.94004821777344,448500
2018-08-16,81.41858609553935,81.76511687150703,80.97304382865079,81.23706817626953,559400
2018-08-17,81.35258484271199,81.75687077985144,81.0968130062332,81.59185791015625,400700
2018-08-20,81.63310156620896,82.1941540485994,81.63310156620896,82.07864379882812,553500
2018-08-21,82.14463872512113,82.49117574212715,81.92187077367925,82.32615661621094,418600
2018-08-22,82.35918521503967,82.67271220633538,81.80638514031912,81.91364288330078,520700
2018-08-23,82.03740928357513,82.26842984462891,81.67437337629738,82.16941833496094,377500
2018-08-24,82.21065453070918,82.36742114217168,81.41858153224649,81.78986358642578,412800
2018-08-27,82.19415215104299,82.53243036189602,81.8641201758143,82.37566375732422,403200
2018-08-28,82.30965296112947,82.70568625012854,82.08687872808632,82.1858901977539,645000
2018-08-29,82.23541631554899,82.76346504853105,81.45984827982763,82.60670471191406,563400
2018-08-30,82.40869988208541,82.72223321410952,81.45161370313946,81.74864196777344,387700
2018-08-31,81.72386865502907,82.44168152223712,81.56710203123093,82.38392639160156,577800
2018-09-04,82.22716187588347,82.7139541957633,81.87237857866178,82.6644515991211,645500
2018-09-05,82.60670616399169,83.53904084755624,82.60670616399169,83.42353057861328,602000
2018-09-06,83.63959909248912,84.34594316131098,83.63959909248912,84.1298828125,494900
2018-09-07,83.95537333310821,84.57030748800403,83.689455346668,84.25453186035156,659800
2018-09-10,84.70325708913944,85.12706599654456,84.42071570420805,84.59523010253906,515200
2018-09-11,84.42071076153024,85.12706101251125,84.1464874516024,84.74480438232422,503400
2018-09-12,84.76974332100852,85.168617095801,84.28776503148197,84.51213073730469,468400
2018-09-13,84.71988985898655,84.75313040100887,84.13819622355845,84.45397186279297,425400
2018-09-14,84.51211917164028,84.84451816513406,84.22127242982702,84.6783218383789,497300
2018-09-17,84.57862830289199,84.62018056836023,83.5398850660418,83.66453552246094,537500
2018-09-18,83.31550136010108,84.2295939435245,83.06620050099278,84.18804168701172,557800
2018-09-19,84.41242519517824,84.50383509993655,83.78086758229861,83.95537567138672,451800
2018-09-20,84.12156300788185,84.55367729142445,83.44845325584704,84.35424041748047,569400
2018-09-21,84.58693114170518,84.9193302105899,83.85565826214673,84.04678344726562,1401300
2018-09-24,83.9304384825465,83.9304384825465,82.59253692626953,82.59253692626953,702300
2018-09-25,82.83352425151038,82.83352425151038,82.04408208648067,82.07731628417969,675000
2018-09-26,82.4346431079296,83.22409160306657,82.16872514977437,82.65070343017578,480400
2018-09-27,82.5842027899071,83.24068898044057,82.17701739982326,82.64237213134766,450600
2018-09-28,82.47619490784743,82.90830920996301,82.30168684314782,82.60084533691406,509800
2018-10-01,82.76703947057285,82.91661871345879,82.30168464380952,82.5011215209961,786300
2018-10-02,82.35154246264524,83.47338361681157,82.18534612128136,83.15760803222656,843000
2018-10-03,83.37365638946669,83.61464548786739,81.4041976928711,81.4041976928711,1048000
2018-10-04,81.42085261438686,81.42085261438686,80.78929495159299,81.22972106933594,616900
2018-10-05,81.12169294939974,82.5177640933963,81.12169294939974,82.4595947265625,890100
2018-10-08,82.01082923753847,83.04126039109826,81.90279592128933,82.88336944580078,786500
2018-10-09,82.94155360845464,83.0994445819554,81.43745569031628,81.50393676757812,645700
2018-10-10,81.39589736704424,82.10224766534674,80.23251030157098,80.30729675292969,716800
2018-10-11,80.35714593693604,80.86405296500841,78.72009249838895,78.73670959472656,1048800
2018-10-12,79.88348839369719,80.03306763743176,78.31290950447635,78.81981658935547,1373900
2018-10-15,78.88631044298278,80.72280758083133,78.62870416925288,79.98322296142578,1029800
2018-10-16,80.3571753598586,80.83915374991012,79.45139428819671,80.65633392333984,948800
2018-10-17,80.4901176489584,80.49842936810829,77.98051102435592,79.06080627441406,1309400
2018-10-18,79.0691094506472,84.02183475152651,77.79768917739919,83.78084564208984,2870500
2018-10-19,84.08000349838832,85.39297601352818,83.58971356476731,84.21295928955078,1683600
2018-10-22,84.2462193763807,84.42903917914808,82.50113220993865,83.75593566894531,1128500
2018-10-23,82.91661853492283,84.08832365833706,82.1853457601573,83.57310485839844,984600
2018-10-24,83.37367974045608,84.57861922995149,82.57592578093029,82.73381042480469,807100
2018-10-25,83.08283281722223,84.69495783443419,82.89170129281837,83.5980453491211,1123500
2018-10-26,83.06617940190884,83.18251808261317,81.20475417065676,81.90278625488281,1392100
2018-10-29,82.63410208606743,83.91383448492077,82.09395434746267,82.89170837402344,888500
2018-10-30,80.75604784246093,82.20197653448696,80.75604784246093,81.7116928100586,2080800
2018-10-31,82.04406608271417,82.26843174333071,81.26292944948797,81.37095642089844,2719700
2018-11-01,81.37928653128002,81.87788193199147,80.93054876864436,81.29618835449219,1697200
2018-11-02,82.1188776843408,82.99972984107704,80.11618420082097,80.62308502197266,2888800
2018-11-05,80.37378381406478,82.01914926639618,80.17434692226374,81.50393676757812,2631400
2018-11-06,81.42911981487724,82.30166626014241,81.40419100329525,81.90278625488281,1013100
2018-11-07,82.1022571717093,83.51494525191698,81.6535193916471,83.48170471191406,1115800
2018-11-08,83.12437859537414,84.59524240678033,83.12437859537414,83.9969253540039,973700
2018-11-09,83.80577536128966,84.35423465213,83.31549175885675,83.60633850097656,1083700
2018-11-12,83.78084957224218,84.32099716424999,83.207461445651,83.34042358398438,686300
2018-11-13,83.7891703878296,85.18524129198211,83.40691370859533,84.27114868164062,705800
2018-11-14,84.61185197865566,85.58411393291622,84.113256592367,84.65340423583984,1014500
2018-11-15,84.06339383793204,84.5287486581393,82.47619154189326,84.42071533203125,1067900
2018-11-16,83.93874886789055,85.26833868343306,83.93043714842283,85.10214233398438,2430600
2018-11-19,84.53705118213644,85.07719239399094,83.75591452747932,84.4788818359375,1061200
2018-11-20,83.98027819047385,84.22126728754323,82.45125178973684,82.70054626464844,1010400
2018-11-21,83.33210798257416,83.58971418861255,82.58421183925564,83.10774230957031,773400
2018-11-23,82.68394808920851,83.32381102854688,82.26013914290233,82.86676788330078,235800
2018-11-26,83.77254357038886,84.25452184476282,82.92493207061408,84.08832550048828,812100
2018-11-27,84.16310856549974,84.78635434141724,83.80578073370769,84.76973724365234,507000
2018-11-28,84.84451586835982,86.32368469238281,84.77803480346404,86.32368469238281,589400
2018-11-29,85.93313774608201,86.16581517397064,85.2600279411363,85.6672134399414,564700
2018-11-30,85.66722282183049,86.2572345157149,85.40961654702541,86.18244171142578,1002000
2018-12-03,86.6145423944253,86.80566754123403,84.96085910169295,86.58960723876953,1415000
2018-12-04,86.93862338680425,87.99398332711608,85.55916984625694,85.7918472290039,1369400
2018-12-06,85.45712244179101,85.5324341129581,81.90895696159262,84.56171417236328,1163500
2018-12-07,84.41108162626702,85.21443801443078,83.05541412995433,83.298095703125,972600
2018-12-10,83.45711727721918,83.45711727721918,81.50730047660691,83.114013671875,688000
2018-12-11,83.72490097608762,84.10984227165801,82.46128502932774,82.93827819824219,1056800
2018-12-12,83.80022749618149,84.35253883401036,83.63286390657306,83.7751235961914,1023100
2018-12-13,83.68307170655326,84.26885065469445,82.98013696878382,83.7751235961914,598800
2018-12-14,83.45710592041125,84.03451460558395,82.29390568864952,82.76253509521484,571000
2018-12-17,82.64538927551918,82.71233086921082,80.26878712542471,80.754150390625,975500
2018-12-18,81.11398600147311,81.93408275506266,79.85037007498217,80.51146697998047,891700
2018-12-19,80.76251541195522,82.00939110123979,78.8712766458352,79.32316589355469,840600
2018-12-20,78.93820900853545,79.44030594520042,77.65785958546167,78.49468994140625,1467400
2018-12-21,78.36917639045687,79.73320778594781,77.88381317567729,78.00096893310547,1497600
2018-12-24,77.7415514336721,78.21017445077743,76.18504625884681,76.86287689208984,583300
2018-12-26,77.25618358269523,79.35662970997625,76.28546362217902,79.33988952636719,661600
2018-12-27,78.58676158235959,79.66626739501953,77.2896716501869,79.66626739501953,770700
2018-12-28,80.0009937475762,80.87966831786244,79.19763724150508,79.9256820678711,673000
2018-12-31,80.2520548132919,80.645366211895,79.57421769430141,80.35247039794922,600900
2019-01-02,79.57421121928093,80.1599964149959,78.99680250095342,79.32316589355469,779300
2019-01-03,79.01353367629419,79.40684502982205,77.8001320143342,78.0595474243164,926300
2019-01-04,78.65369930569386,79.23948450426201,78.15160226728563,78.48633575439453,898200
2019-01-07,78.4612409861074,79.78342851798253,78.29387103083074,79.18091583251953,838500
2019-01-08,79.75831736293675,80.31062858832377,78.76249335383079,79.62442779541016,704000
2019-01-09,80.33573332946352,81.04703802474938,79.91731805170589,80.51146697998047,1188400
2019-01-10,80.22693914753539,81.31481492362877,79.92567966873789,81.22276306152344,671200
2019-01-11,80.99681296069953,81.22275435331872,80.07630082284761,80.46961212158203,711200
2019-01-14,79.90895728083797,80.41105439582074,79.37338617358817,79.724853515625,1065700
2019-01-15,79.65787926424177,81.03864416834809,79.63277537645926,80.90475463867188,899600
2019-01-16,80.46125287804217,80.8043500589443,80.09304541945555,80.37757110595703,726100
2019-01-17,80.08467311595727,81.2395032461843,79.85036160678361,81.22276306152344,813200
2019-01-18,81.51566423110268,81.99265737337062,80.68719741728712,81.95081329345703,969300
2019-01-22,81.30644810174951,81.73322702660873,80.29387765737253,80.99681854248047,1347900
2019-01-23,81.15581898504436,81.49891614594183,80.35245614323989,81.0553970336914,425400
2019-01-24,81.03030256595602,81.03030256595602,79.3817453837782,79.95079040527344,730500
2019-01-25,80.62024037301353,81.09723984612664,80.21856534287862,81.00518798828125,773600
2019-01-28,80.578399490046,81.11397043201451,80.0428285480775,81.09723663330078,712900
2019-01-29,81.21441149028361,82.31902761611032,80.79599619437181,82.27718353271484,828600
2019-01-30,82.4947651864089,83.26464783511423,82.13492775947971,83.20606994628906,856900
2019-01-31,83.08891334735841,83.6077506321894,82.62865395077358,83.53243255615234,1313900
2019-02-01,83.50730677679277,84.45292283483838,83.13072926430752,84.41944885253906,1019800
2019-02-04,84.32742276339587,85.08894172823962,83.07217677392609,84.84626007080078,2440600
2019-02-05,85.35671655612835,85.83370971679688,84.3525224445663,85.83370971679688,1382800
2019-02-06,85.85882508364212,86.08477293886462,85.43203965617506,85.80024719238281,1064100
2019-02-07,85.74165137782838,86.46132611115226,84.9885026587092,86.08475494384766,1025400
2019-02-08,85.68306783463983,86.12658694421569,85.68306783463983,86.05963897705078,1004700
2019-02-11,86.33580254080246,86.7458540892424,86.05128323079286,86.70401000976562,681300
2019-02-12,87.24794913869806,88.39440283000393,86.98852734395271,88.32746124267578,994700
2019-02-13,88.49482148361484,88.80445105342311,88.18519191380658,88.6705551147461,1310700
2019-02-14,88.35258160158175,88.7542567384478,88.11827004099136,88.44463348388672,910500
2019-02-15,89.07223414626561,90.04295413747938,88.71239680140395,90.03458404541016,1227200
2019-02-19,90.12663102792868,91.87560987420423,89.80863777611006,91.36514282226562,1482400
2019-02-20,91.66640931346838,91.68314311347659,90.52831937761754,91.30657196044922,1750300
2019-02-21,91.06391088182072,92.30242305034268,90.62039165979613,91.96768951416016,1154500
2019-02-22,92.33589844057535,92.72920989990234,92.02627516073116,92.72920989990234,1073500
2019-02-25,93.18943322310514,93.87563389107358,91.67477225241477,91.75008392333984,1223700
2019-02-26,92.5367064830365,93.10575140622761,91.77518776007827,91.88397979736328,841200
2019-02-27,91.65805003936671,92.04299133008666,90.66221963183456,91.34842681884766,898000
2019-02-28,91.24801905087841,91.45722672302794,90.47813634965091,91.03044128417969,1430600
2019-03-01,91.59945750281882,91.6161976866347,90.31910797481075,91.34004211425781,917400
2019-03-04,91.63293423442357,91.98440149098562,90.09316927167004,90.80447387695312,903500
2019-03-05,91.09738120366737,91.35679665111442,90.41955044897749,90.65386199951172,754900
2019-03-06,90.93000955308881,90.93000955308881,90.02623103748583,90.21033477783203,782500
2019-03-07,90.1033064979031,90.33085854589017,89.53020506850305,90.052734375,1348000
2019-03-08,89.71561838608287,90.0527380223291,88.97396033035898,89.28579711914062,695500
2019-03-11,89.25207757736688,89.7409006904398,89.04980838334495,89.63976287841797,850800
2019-03-12,89.90101865238539,90.398271474907,89.68189639298912,89.94316101074219,1133500
2019-03-13,90.22972540990796,90.6764062002505,89.96003098385081,90.32243347167969,552100
2019-03-14,90.03586048018592,90.45725830353601,89.55546721876763,90.26341247558594,703200
2019-03-15,90.01058403234501,90.71009958197178,89.63132210638157,90.22128295898438,3135300
2019-03-18,90.33084567034987,90.97137221897367,90.06958105434143,90.4404067993164,839000
2019-03-19,90.65110973682806,91.1062202180717,89.96001747198135,90.35613250732422,734400
2019-03-20,90.07800244735738,91.15678634872066,90.07800244735738,90.38983917236328,600100
2019-03-21,90.33928375324864,92.19343193905704,90.12015504510055,91.94902038574219,608100
2019-03-22,91.43490587632783,92.14285762484667,90.54154447059842,90.58368682861328,562900
2019-03-25,90.55838962109306,91.78044716621561,90.22969983344436,91.0977783203125,814000
2019-03-26,91.78886648761424,92.17655166922603,91.42646414371326,92.01641845703125,506200
2019-03-27,92.21028452971164,92.60639312427442,91.76359738857109,92.30298614501953,574200
2019-03-28,92.70754290056658,93.58405135050185,92.58955199673126,93.55033874511719,512700
2019-03-29,93.8874522223843,94.52797882271538,93.62618115526335,94.41841125488281,924900
2019-04-01,94.96624058933791,95.41292137963296,94.53641288753488,95.3202133178711,624800
2019-04-02,95.05051814373843,95.29492972009405,94.52798881430846,94.80610656738281,800800
2019-04-03,94.98308200308323,95.27806567062558,94.60382647341667,94.8988037109375,1108500
2019-04-04,95.22747107856834,95.75000665459304,94.8987813157525,95.72472381591797,823500
2019-04-05,95.87644915036093,97.09007069376854,95.74159873997037,97.03950500488281,585400
2019-04-08,96.7276558956678,96.76136849395839,95.96071518212389,96.42425537109375,596800
2019-04-09,96.07871454249509,96.07871454249509,95.04207295111672,95.29491424560547,676800
2019-04-10,95.43818349017246,95.5898869737271,94.47739690433342,95.04206848144531,632000
2019-04-11,95.26962800473196,95.26962800473196,94.73866902126571,94.88194274902344,666200
2019-04-12,95.23591601971347,95.26119886241976,94.39312030272485,95.0757827758789,692000
2019-04-15,95.23590570165629,95.38760917147921,94.71337009892838,95.01677703857422,551600
2019-04-16,95.47190130415314,95.56460935083437,94.91565945408702,95.3033447265625,511600
2019-04-17,95.80058698819822,95.80058698819822,94.83137063391642,94.88194274902344,679800
2019-04-18,94.22456858642285,94.39312516649734,88.5188376876003,88.87281036376953,2153300
2019-04-22,88.51885284772005,88.68741588668473,86.54671351700178,87.35579681396484,1295800
2019-04-23,87.27150368125417,89.04137349451997,86.25171515135118,88.6874008178711,1281700
2019-04-24,88.7632604849814,88.99924229901693,87.38950553611909,88.10588073730469,750200
2019-04-25,87.80245887287347,87.80245887287347,86.41184464085408,87.2883529663086,856600
2019-04-26,87.48220718267314,87.59176832258002,86.76582560398269,87.29679107666016,599300
2019-04-29,87.15349227358739,87.42318659660029,86.42868757486153,86.4371109008789,874200
2019-04-30,86.31915026812855,86.45400069187382,85.73762549828798,86.4202880859375,885300
2019-05-01,86.43713603451421,86.45399555149099,84.59984091537083,84.6588363647461,688900
2019-05-02,84.53242902464562,87.06923998448559,83.99304017783416,85.96517944335938,2754000
2019-05-03,86.4118499928533,86.65626153980241,85.30778958251548,86.0663070678711,1268700
2019-05-06,84.94540308291182,85.68706119110149,84.57457081380565,85.42579650878906,836200
2019-05-07,84.86951279472804,85.30777009951844,82.88051470072865,83.51261138916016,913300
2019-05-08,83.44520107033188,83.47048391162349,82.43384240852276,83.0322265625,1142900
2019-05-09,82.50969736241827,83.17550671318692,81.90288345133695,83.0322265625,858400
2019-05-10,82.93110716302077,83.43678335187631,81.65848371755075,83.12494659423828,690300
2019-05-13,82.0714359239733,82.23156915086888,81.42248611974766,81.77645874023438,877300
2019-05-14,81.77647170411487,82.20629934285733,81.22865317317195,81.54891967773438,899300
2019-05-15,81.06853543189638,81.32137033063836,80.24259266395286,81.26237487792969,682100
2019-05-16,81.5151921531468,82.70353061562939,81.14436002839071,82.21471405029297,775200
2019-05-17,81.53204984489591,82.73724788845999,81.53204984489591,82.6698226928711,1030700
2019-05-20,82.40856678224402,83.0659464334633,82.08830671447652,82.8552474975586,935900
2019-05-21,83.04066821763463,84.45656540301997,82.88896471812829,84.11944580078125,817600
2019-05-22,84.14472899498112,84.93695909902743,83.85818151140279,84.29643249511719,739900
2019-05-23,83.93402232093426,84.04358987929417,82.46755957461077,82.79624938964844,566400
2019-05-24,83.16709489946051,83.318798409961,82.15574244947184,83.09123992919922,399500
2019-05-28,83.24292073345542,83.46204939552247,81.92816162109375,81.92816162109375,681600
2019-05-29,81.97874313083902,82.54342119328234,81.51520930736714,82.42543029785156,641400
2019-05-30,82.66141622424294,83.37779139091886,82.39172181690536,83.35250854492188,539600
2019-05-31,82.4844298722422,83.41993375426173,82.34114969488952,83.35250854492188,812000
2019-06-03,83.48734959826847,84.3301453953195,83.03223909625831,83.62220001220703,782500
2019-06-04,84.1194338648177,85.06336733114418,83.89188186285702,85.02122497558594,542600
2019-06-05,85.54378211136896,85.57749471828646,84.46500441009812,85.30780029296875,715200
2019-06-06,85.53962463815654,85.95572939288212,85.19994451070605,85.47168731689453,562300
2019-06-07,85.90476677129018,87.58617310803297,85.6500050941553,86.8643569946289,890500
2019-06-10,87.10213776397579,87.73054174239907,86.09159124063339,86.59262084960938,430000
2019-06-11,87.05967859947108,87.44182115877825,86.78793580298701,87.38237762451172,445800
2019-06-12,87.56069008626625,87.8664014788302,86.84736134399772,86.99172973632812,502800
2019-06-13,87.27196747440644,87.8324405698046,86.872850351183,87.33990478515625,456700
2019-06-14,87.67959496832056,87.67959496832056,86.72000463907113,87.40785217285156,366300
2019-06-17,87.54371509001297,87.88339518372777,86.7794429777283,86.94927978515625,418700
2019-06-18,87.18703855721705,87.73901780246648,87.18703855721705,87.39933776855469,298000
2019-06-19,87.41635180841816,87.70507571342814,86.11708127815375,87.28897094726562,448600
2019-06-20,87.81545296295718,88.26552627526307,87.2634736920911,88.13814544677734,550100
2019-06-21,88.63917310016895,88.69861662603357,87.73053264546203,88.29949951171875,1283900
2019-06-24,88.13815681330148,88.61370505686082,87.6371272176724,88.2740249633789,553000
2019-06-25,88.18910506279738,88.18910506279738,87.24649589684292,87.781494140625,1006600
2019-06-26,87.68807491857422,87.96830497551043,86.55864147105693,86.57562255859375,513100
2019-06-27,86.61808335714737,87.48426134002126,86.50769009310073,87.33140563964844,471700
2019-06-28,87.5946762502776,88.2315740323026,87.24650235291814,87.95983123779297,970500
2019-07-01,88.62218869078534,89.27606745078923,88.13814671864115,88.83448791503906,536500
2019-07-02,89.00432975110913,89.06377327811741,87.89188382615771,88.86846160888672,689000
2019-07-03,89.02981281366766,90.15924640959234,89.01283172389954,90.14226531982422,456800
2019-07-05,89.92995545510306,90.09129846487383,89.08075853197434,89.6751937866211,406800
2019-07-08,89.45440786103303,89.95543745438769,89.18266508325286,89.27607727050781,496900
2019-07-09,89.05529883060292,89.1571983322666,88.24855772889511,88.4523696899414,920200
2019-07-10,88.62220618434412,89.0128360566163,88.31649472276425,88.47784423828125,625500
2019-07-11,88.56274602816497,88.66465198918642,87.99378565655944,88.23155975341797,716500
2019-07-12,88.4014176224623,89.51387023925781,88.4014176224623,89.51387023925781,682900
2019-07-15,89.50537842852302,89.7431525873245,88.38443848070177,89.00434875488281,650000
2019-07-16,89.37797223218996,89.81955176211702,88.93639270226292,89.462890625,682800
2019-07-17,89.12322834355341,89.60727040581881,86.59262474744986,86.80492401123047,1016300
2019-07-18,84.91969399882976,85.14897432192886,81.98147336393326,82.8901138305664,2233400
2019-07-19,82.72026509835335,82.99200782078533,80.75861604440418,80.82655334472656,1403900
2019-07-22,80.82656108111564,81.68425176292214,80.41045641481391,81.35306549072266,1181200
2019-07-23,81.49742904344824,82.47400679235999,80.75862539433585,82.37210083007812,981200
2019-07-24,82.44005244055545,83.26377462837877,81.94751658903189,82.62687683105469,837100
2019-07-25,82.62686305385631,83.24677317839335,82.31265786051092,82.77122497558594,982000
2019-07-26,82.9155953817198,83.47606851711512,82.66932747182115,83.14488220214844,549600
2019-07-29,83.1363805146194,83.68835981337628,82.88161884477519,83.51851654052734,475700
2019-07-30,83.39113793087182,83.52701255277675,82.80519644076789,83.16185760498047,625700
2019-07-31,83.12789311605681,83.60344135884245,81.93901603023383,82.47401428222656,1148800
2019-08-01,82.37209928850426,82.5589236430955,79.8245085888598,80.27458190917969,1006500
2019-08-02,80.062282955936,80.31704461830836,78.25349588543845,78.29595184326172,920200
2019-08-05,77.52321728117813,77.52321728117813,75.79085412374356,76.49568939208984,1445900
2019-08-06,76.92875466469356,78.04970094690407,75.97765815206753,77.88835144042969,951300
2019-08-07,76.84382370580236,77.27691592782979,76.13899522072239,76.87779235839844,1034000
2019-08-08,77.16654732165983,78.12613776838185,77.02217888228459,78.04971313476562,829700
2019-08-09,78.16008522400395,78.25349740342865,76.64851574438006,77.64207458496094,682400
2019-08-12,77.11556770174785,77.46374153737601,75.7823288402467,75.79931640625,455500
2019-08-13,75.41718055689843,78.1006460821455,75.25583753881189,77.37882995605469,593500
2019-08-14,76.28337733213016,76.55512014598818,75.442667535219,75.51060485839844,750700
2019-08-15,75.68891544677976,76.00312062420727,74.66138800127858,75.45114135742188,662700
2019-08-16,76.06256529573139,76.55510104761875,75.76534767954354,76.2493896484375,859000
2019-08-19,77.27692439552776,77.27692439552776,76.55510826562698,76.72494506835938,536800
2019-08-20,76.47017641393687,76.61453831875349,75.84176610086878,76.04557800292969,522200
2019-08-21,76.8693167608209,77.03916006398178,75.64647737236024,76.29186248779297,512900
2019-08-22,76.60606040499883,76.85232831185901,75.85027559515777,76.2663803100586,536700
2019-08-23,75.8927436973161,76.35131088786036,74.16886822071366,74.50006103515625,834500
2019-08-26,75.11149185759773,75.11998564391716,74.10095156684673,74.57649993896484,516300
2019-08-27,74.97560033454998,75.60400427052329,74.50853941526388,74.6019515991211,664700
2019-08-28,74.32172666934997,75.6379847539934,74.32172666934997,75.23886108398438,642400
2019-08-29,76.07955169677734,76.54661261116536,75.67194078863741,76.07955169677734,994500
2019-08-30,76.64853635265962,77.20900310104062,76.34282486122996,76.67401123046875,998200
2019-09-03,76.47866820232606,77.25144046552855,76.10502598435137,77.1070785522461,780600
2019-09-04,77.26842201242238,77.93079453976456,77.26842201242238,77.77793884277344,607800
2019-09-05,78.414190125827,80.28955616698427,78.27718063177336,80.1182861328125,924500
2019-09-06,80.19536671040656,80.92324645653332,79.27052804005793,80.77767181396484,726500
2019-09-09,81.02601027234095,81.84808693078546,80.88042909327955,81.64256286621094,621300
2019-09-10,81.7967038742129,83.21821594238281,81.44561169188279,83.21821594238281,582100
2019-09-11,83.05551134918478,83.97178492124858,82.25912355041645,83.96322631835938,622300
2019-09-12,84.39139502558669,84.72536348355085,83.34667050240242,83.50936889648438,686500
2019-09-13,84.22869049423812,84.88806227675128,83.9375346509119,84.50271606445312,490800
2019-09-16,83.93752301923497,84.57977097292208,83.41516736085744,83.82620239257812,478600
2019-09-17,83.67207840630424,83.99748174557436,83.06408434611555,83.91184997558594,408400
2019-09-18,83.81766460919108,84.11738564534608,83.22680074161715,83.9803695678711,450800
2019-09-19,84.13449698248864,84.13449698248864,82.8842548596693,83.08120727539062,605400
2019-09-20,83.43230564369318,84.43421105812662,83.28673098346648,83.49224853515625,1150400
2019-09-23,83.23534146911383,84.12592618156197,83.12402083003961,83.72344970703125,822000
2019-09-24,83.92041457516943,84.27151332314449,82.12212128378712,82.25057220458984,1069900
2019-09-25,82.58453134015035,83.79195417927744,82.25056290379916,83.68063354492188,788000
2019-09-26,83.67206064191103,83.67206064191103,82.42181877231978,83.43228912353516,558500
2019-09-27,84.1516230524323,84.71680450439453,83.78340055492866,84.71680450439453,598100
2019-09-30,84.89663616983094,85.61595744914163,84.51128991778688,85.281982421875,707800
2019-10-01,85.42754486296518,85.69300526570268,83.2524642944336,83.2524642944336,1069800
2019-10-02,82.75581624703078,82.79863540461766,80.23820135316211,80.80338287353516,896100
2019-10-03,80.58928573259573,81.05170511199279,79.53599605731046,81.02601623535156,457400
2019-10-04,81.14591662185214,82.31052714997982,80.65780827795201,82.15638732910156,463100
2019-10-07,81.89091702394325,81.89091702394325,80.95751953125,80.95751953125,535500
2019-10-08,80.22106169596748,80.25531570858448,79.1335245618384,79.25341033935547,663900
2019-10-09,79.96416062948944,80.14398929747757,79.32191258669545,79.8357162475586,691600
2019-10-10,79.92992084532048,81.16303939765051,79.82716532148372,80.94039154052734,633400
2019-10-11,82.0964296343139,83.87759259169646,82.04504534775667,82.96131896972656,638100
2019-10-14,82.7215488173699,83.40661602798437,82.4132692259219,82.90994262695312,400100
2019-10-15,82.96989902857854,84.39997004032536,82.82432434593545,83.86904907226562,762800
2019-10-16,83.6635212003804,84.4427854077032,83.46656876406503,83.68921661376953,867700
2019-10-17,83.82621970733261,86.41234232699588,83.77484195107618,84.71680450439453,1069100
2019-10-18,84.71680460864856,86.96039361169741,84.26295033906389,86.78912353515625,917800
2019-10-21,86.90042682210517,87.53410959784215,86.84048394512037,87.225830078125,582700
2019-10-22,87.2344174371371,88.82719318369692,86.84906467267474,88.467529296875,634800
2019-10-23,88.39901910211303,89.40948956734262,87.6796979325385,89.26390838623047,682500
2019-10-24,89.41806503717363,89.5978937301673,88.69875026519895,89.10122680664062,753500
2019-10-25,87.81673235093126,88.60455517454288,87.1316650492688,87.78247833251953,711600
2019-10-28,88.2191847796023,89.04126799101743,88.12499441435577,88.76724243164062,381200
2019-10-29,88.52748391773005,89.1611734721467,88.07362959719252,88.42472839355469,561500
2019-10-30,88.19349130356005,88.57884401379958,87.77389111680907,88.36476135253906,494800
2019-10-31,88.31338520474142,88.42471238015195,86.94325735314419,87.8424072265625,930700
2019-11-01,88.68161537014825,89.91473381019661,88.22776109243199,89.66639709472656,766400
2019-11-04,90.043177964539,91.28485491521862,89.85478415777989,91.10502624511719,791100
2019-11-05,91.0707596464939,92.19255719536713,91.06219451101985,91.83289337158203,545200
2019-11-06,91.96992854698806,92.27820815537268,91.32768045173435,92.26107788085938,483600
2019-11-07,92.68925159835142,92.9804074916451,90.94233583844755,91.13072967529297,721100
2019-11-08,90.88239822637027,91.02797944813004,90.21446115381127,90.89952850341797,543600
2019-11-11,90.3857114700057,91.19922305293858,89.92329209025013,90.856689453125,439600
2019-11-12,90.51416005733256,90.53129033142562,89.48656574344918,89.65782928466797,699900
2019-11-13,89.37523879339307,89.6150103475079,88.44183491969194,89.35810852050781,512700
2019-11-14,88.80149173543793,89.42661602642453,88.484653555033,88.9128189086914,562700
2019-11-15,89.42661619006297,89.8376578049725,88.9385079473306,89.76914978027344,1044200
2019-11-18,89.69209425544457,90.34290755148629,89.32387171688906,90.24871063232422,762900
2019-11-19,89.89761520173954,90.23158370944023,89.31530996438958,89.54651641845703,559000
2019-11-20,89.40949836559282,89.58076190538593,87.9879861588261,88.467529296875,923400
2019-11-21,88.87856892826595,89.00701984684744,87.75677774144347,87.82527923583984,595600
2019-11-22,88.0993100932437,88.81863136043931,87.66258609049207,88.81006622314453,472100
2019-11-25,89.08408764231069,89.28104659114783,88.41615069689946,89.04127502441406,544400
2019-11-26,89.2553459614785,89.54649524466659,88.63022171627416,89.44373321533203,662500
2019-11-27,89.55507268756459,90.14593647090604,89.44374550716522,90.09455871582031,509100
2019-11-29,89.96610024498743,90.0859860189836,89.20396645317544,89.37523651123047,304500
2019-12-02,89.47798310277216,90.23155821660566,89.20395757045561,89.67494201660156,641400
2019-12-03,88.51890913498308,88.57885202422545,87.84240708022783,87.95372772216797,479300
2019-12-04,88.12501166859181,89.44375543965995,88.12501166859181,88.8614501953125,573600
2019-12-05,89.31261666115806,89.65768749440379,88.34642622608447,88.83815002441406,443100
2019-12-06,89.51966883187829,89.9337552050203,89.36438726466,89.45928192138672,503600
2019-12-09,89.45927380575537,89.81297323631863,89.01068630875314,89.61455535888672,640000
2019-12-10,89.77845909958972,90.23567514522698,89.3643727935025,89.4161376953125,514400
2019-12-11,89.58868309136254,89.96826171304537,89.03657232255817,89.93375396728516,494100
2019-12-12,89.9682502619748,91.34852700830544,89.74395323392147,91.21050262451172,818800
2019-12-13,91.21913399401106,91.30540006545358,89.78709877936288,90.71878814697266,486400
2019-12-16,91.41755059579384,91.76262145838892,90.68427912632885,90.8826904296875,743000
2019-12-17,91.08112205659859,92.37513305030471,91.00347797450247,91.34854888916016,642400
2019-12-18,91.62458111362022,91.7712340761846,90.78778649642098,91.44342041015625,865200
2019-12-19,91.70222016158017,91.70222016158017,90.36507324697276,90.7446517944336,612000
2019-12-20,91.05521198177853,92.01278031861604,90.73602034227335,91.43478393554688,1248900
2019-12-23,91.85749740074023,92.1680538739749,91.02070286843004,91.90062713623047,454100
2019-12-24,91.8143790217943,92.06455523055637,90.90856883771366,91.02934265136719,242200
2019-12-26,91.29676744759189,91.44342041015625,90.59799721231245,91.44342041015625,366200
2019-12-27,91.73672535003399,91.98690153261029,91.029333123386,91.65045928955078,407300
2019-12-30,91.90064360416376,91.97828767264414,91.18462273360515,91.46067810058594,297700
2019-12-31,91.26227470193417,91.78850631918034,91.19325920879508,91.64185333251953,412700
2020-01-02,91.96101588726086,92.16805573415519,90.41682916130154,91.27950286865234,815100
2020-01-03,90.20114966257216,90.47720495177242,88.90713926038143,89.98548126220703,799100
2020-01-06,89.21771618973557,89.5110286824227,87.71666573209642,88.07898712158203,643500
2020-01-07,87.75117466188921,88.85539600578578,86.93163065263464,87.74254608154297,583100
2020-01-08,87.74255443529576,88.48445445542544,87.44924849238258,87.49237823486328,597300
2020-01-09,87.63905598907392,87.79433758560911,86.38818121486561,86.96617126464844,707100
2020-01-10,87.3025891628674,87.33709690594776,85.04238793537606,85.31844329833984,818500
2020-01-13,85.23217428288129,86.13797782610803,84.42988738363545,86.00857543945312,711900
2020-01-14,85.84467903479526,86.40541836916702,85.568623658414,86.26738739013672,871200
2020-01-15,86.25873059819082,86.91436437080547,85.31841954236681,85.66349029541016,650900
2020-01-16,86.09486586762841,87.63904650050512,85.87919737255088,87.63042449951172,714000
2020-01-17,87.99273485732216,88.71737774988227,87.25083480159863,88.68287658691406,953200
2020-01-21,88.07036812120089,88.25153541732844,87.16456454895814,87.49237823486328,952400
2020-01-22,87.76842957994239,88.0617420911096,86.22424270554458,86.44853973388672,447000
2020-01-23,85.98270267864571,86.57794975255865,85.3184466975017,86.4140396118164,737400
2020-01-24,86.50894865228497,86.61247190286902,84.27462612604214,84.6024398803711,657100
2020-01-27,83.64484697299932,83.72249103386581,82.54062561335763,82.9547119140625,754700
2020-01-28,83.57583003480929,83.86914253054206,82.82530808903569,83.31703186035156,566900
2020-01-29,83.56722185410483,84.48165406874558,83.32566763698665,83.81739807128906,564400
2020-01-30,82.95471656825299,83.70523856922595,82.42848501863716,83.57583618164062,533700
2020-01-31,83.41194293295446,83.60173224729014,80.63413187406971,80.72039794921875,851800
2020-02-03,81.23800686208287,82.41987258037919,80.98783061886628,81.35015869140625,718200
2020-02-04,82.76491658637435,83.8173795496564,82.26456426257174,82.29044342041016,674500
2020-02-05,82.95473568556133,84.75772120127242,82.92022793547419,84.5593032836914,623400
2020-02-06,85.05963896505752,85.1286544515825,82.57514068526915,82.94609069824219,693300
2020-02-07,82.44573232780665,82.67865135087604,81.88499305830365,82.28182220458984,516500
2020-02-10,82.24733074027715,82.43712006120712,81.4623008729612,82.07479858398438,425800
2020-02-11,82.13516095918335,82.87706085662533,81.81596932555155,82.56649780273438,492300
2020-02-12,82.87705906789697,83.48092800316397,82.56649602070885,83.29114532470703,457000
2020-02-13,82.82529908985903,83.6534650051625,82.54924378475788,83.64483642578125,464700
2020-02-14,83.66211057487244,83.66211057487244,82.54063196795242,83.2221450805664,641800
2020-02-18,83.10999255063965,84.29185805189466,82.7390491269377,83.47232055664062,1213800
2020-02-19,86.26738912592786,87.99273690844642,84.98200687082179,85.70664978027344,1383600
2020-02-20,85.12866693064873,86.20700938438026,84.54204837255159,85.93095397949219,750500
2020-02-21,85.42195987030003,85.74115155725153,82.81668779598995,82.99784851074219,2780100
2020-02-24,81.27248753336742,83.49818723284886,80.61685368619224,82.57512664794922,1381200
2020-02-25,82.7304108856719,82.7304108856719,79.3487314901777,79.4004898071289,1219100
2020-02-26,80.31492717014656,81.77284795665057,77.74416300529884,77.7959213256836,1313600
2020-02-27,76.7348319284245,78.4170497885519,74.79381587713202,74.80244445800781,1505900
2020-02-28,73.05122344571299,75.34593251338272,72.81830439716369,75.2596664428711,1727800
2020-03-02,75.57885329575858,76.84698485414349,73.0080824366617,76.8124771118164,1371800
2020-03-03,76.25174576906598,77.38184647599829,73.46531274777192,74.50051879882812,1415900
2020-03-04,75.63060339932728,77.09715267129735,73.90525596054708,76.9936294555664,963500
2020-03-05,74.78287358075762,75.72288338196758,73.43379171167489,74.5478744506836,1053500
2020-03-06,72.54600596150279,73.86027861875867,70.30913473660809,72.1108169555664,1837000
2020-03-09,68.36817721577385,71.31005171905355,67.33242553352811,69.76078033447266,1892700
2020-03-10,72.31101214220047,74.84380889012667,70.9358131885169,74.78288269042969,1270900
2020-03-11,72.72007305575993,74.37378568186539,71.98024656039514,73.02470397949219,1495100
2020-03-12,68.46393603979776,71.8845151736018,65.46983362229896,68.2811508178711,2101300
2020-03-13,70.72693034696128,71.26656055021014,65.8702186749718,68.994873046875,1604700
2020-03-16,61.58794767137623,64.93019592429414,60.92645854781485,61.75331497192383,1459900
2020-03-17,62.71075358022386,66.89727070502906,61.361664679317734,66.88856506347656,1462700
2020-03-18,62.75425400561435,63.77259469679275,53.00602282355172,57.74958038330078,1362900
2020-03-19,57.018460343722666,57.723464345663416,54.25065824662256,55.974002838134766,1558700
2020-03-20,56.71383117385868,56.826977918319336,47.88819585290708,48.175418853759766,2418300
2020-03-23,48.07097068512109,48.26245488426585,43.24037403767489,43.771305084228516,2208100
2020-03-24,45.79928718799659,53.319352208576596,45.52947214615306,52.92768478393555,1684100
2020-03-25,53.04083542355086,59.86459924345637,52.1356448047588,56.383087158203125,1845500
2020-03-26,56.61807620181212,60.28236579123115,55.260285694751786,59.74272918701172,1615300
2020-03-27,56.75735202098495,58.202182775918985,55.07752211361798,56.10456848144531,1231300
2020-03-30,56.10455758152026,58.48939112332107,55.19066146776114,57.51457214355469,1100000
2020-03-31,56.97494872427111,59.22052578031684,56.21771739873258,58.60255813598633,1885900
2020-04-01,55.35603566729655,56.078450951354775,53.88509814367615,54.607513427734375,1622400
2020-04-02,53.95473486451383,56.34827109679263,51.78749213607013,53.44121170043945,1392500
2020-04-03,53.223616675117924,53.954734336815086,50.36877454265687,50.708221435546875,1098000
2020-04-06,53.67621349541366,58.88107722851644,53.67621349541366,58.402366638183594,1535000
2020-04-07,62.02315039690677,63.372232579250365,59.31627375071263,60.36943054199219,1431800
2020-04-08,61.7010880099441,64.04240665591955,60.52607918807636,63.75518035888672,1202600
2020-04-09,65.16521117645107,66.34022029127314,61.7011033933189,62.37999725341797,1845700
2020-04-13,62.15368784889018,62.24942330685655,59.72533275704166,62.04924011230469,1366400
2020-04-14,63.198143611446504,64.82575277187726,62.74554335785462,64.5559310913086,998100
2020-04-15,61.97962035333824,63.024078001146435,60.44775312082743,62.24943542480469,918800
2020-04-16,61.944794365681055,64.36444389709737,61.49220077351699,63.95537185668945,1100700
2020-04-17,66.17483594290017,67.89818724390204,64.18166959636358,64.97371673583984,1058600
2020-04-20,64.03371418818513,65.64391228566836,63.23296795944697,63.69426727294922,861300
2020-04-21,61.9883333728621,62.7890796831897,61.41388060211077,61.8316650390625,685000
2020-04-22,63.07630627864527,63.90316287395031,62.1537075545628,63.45056915283203,712000
2020-04-23,64.29482860265999,65.25224312448462,63.25907660371341,63.6246337890625,725900
2020-04-24,64.18167772806017,65.78317684750442,63.73778968860977,65.3044662475586,878300
2020-04-27,65.88762177291602,68.02875781593245,65.51335891146529,67.48041534423828,672100
2020-04-28,68.81208368137531,70.29173028986857,68.51615834395102,68.95134735107422,828900
2020-04-29,70.50063081182667,72.45898166771075,69.96099396319583,71.46675109863281,940000
2020-04-30,70.41358538442738,70.5354377798643,68.14189814877747,69.00357055664062,1507700
2020-05-01,67.26281246413139,67.61967064049898,64.93019910002319,65.4437255859375,815400
2020-05-04,64.97372388867501,66.08780674954467,64.46019737722116,65.82669067382812,669000
2020-05-05,66.44466194319538,67.17578301097964,65.13909477400593,65.27835845947266,864200
2020-05-06,65.26965193942935,66.2444778031854,61.6140665711455,63.19815444946289,1249000
2020-05-07,64.21649668534438,66.02688477018282,63.98149751454753,64.16427612304688,1081800
2020-05-08,65.29576574665946,66.72319201872133,65.1216927732281,66.53170776367188,690600
2020-05-11,65.91371357266245,66.7144595532142,64.18165697329572,66.14000701904297,924600
2020-05-12,66.19224589058524,66.40113473968938,64.5559310913086,64.5559310913086,970900
2020-05-13,64.15556613372061,64.15556613372061,60.92646432153422,61.47480010986328,1010700
2020-05-14,60.27367910197083,61.79684066772461,58.41977627250377,61.79684066772461,1157400
2020-05-15,61.065718569903595,63.97277765981479,60.34330329649814,63.64203643798828,2073100
2020-05-18,66.14871704586992,68.10706722157002,66.02686467728506,67.28890991210938,937700
2020-05-19,67.23669182469449,68.52485402028876,66.27057183811287,66.49687194824219,794100
2020-05-20,67.09743316414546,68.18540560466245,66.91465459099341,67.21058654785156,632900
2020-05-21,66.7928076555107,67.55874456598532,65.63520993115146,67.14966583251953,640800
2020-05-22,67.09743316414546,67.4107697582509,66.35761323268525,67.21058654785156,529200
2020-05-26,69.41266240029621,72.31972244067524,69.16895756343315,71.66693878173828,936400
2020-05-27,73.19878073946674,76.04492021746736,73.19878073946674,75.97528839111328,1002600
2020-05-28,76.17546572266289,76.50621355213532,73.23359101064149,73.38155364990234,711500
2020-05-29,72.59823608398438,73.72972356075212,71.79748323403753,72.59823608398438,910900
2020-06-01,72.68525719117488,74.28674927151549,72.33710471791855,73.79063415527344,718000
2020-06-02,74.63490291917148,74.80027684067308,73.31193146852743,73.86897277832031,695900
2020-06-03,74.88732450212161,77.75956794029476,74.2780559130857,77.58549499511719,913700
2020-06-04,76.6985564906452,79.28035123291274,75.63598278987446,79.24522399902344,1029100
2020-06-05,82.6436947495522,83.82921022170228,80.52732448385312,81.03665924072266,902300
2020-06-08,81.4142567352482,83.71503958891786,81.0542144248447,82.12556457519531,913600
2020-06-09,80.71175820632365,80.97520241291735,79.75455949947906,80.49221801757812,579300
2020-06-10,80.67661020874824,80.96639809143636,77.70842333292413,77.72599029541016,690800
2020-06-11,74.74902486001271,75.5481474384556,73.00148062504668,73.40543365478516,806800
2020-06-12,75.81160205515182,76.25068233111146,73.51960247865583,75.16175842285156,818000
2020-06-15,72.78195295316259,76.10140586963436,72.06186148129852,75.18811798095703,963200
2020-06-16,78.27045994589562,78.72710725694205,76.02237072177283,77.7874755859375,751200
2020-06-17,77.70843519758661,78.64806683905971,76.74245980819539,77.88407135009766,695200
2020-06-18,77.03226619378586,78.43732212918248,77.03226619378586,77.48890686035156,668000
2020-06-19,78.99054578710525,79.88627337932773,76.67220226580477,76.90930938720703,2854000
2020-06-22,76.72490272553242,77.86650761495612,75.24080899946372,77.05860137939453,739100
2020-06-23,77.91041179632765,78.53390503669262,76.8302712786199,77.6645278930664,638800
2020-06-24,76.74246480825148,76.91809427237129,73.66011880415641,74.35386657714844,818600
2020-06-25,73.82696530393679,75.03882458450592,73.1420010714484,74.69634246826172,581200
2020-06-26,74.53826924848089,75.1090749779301,73.16834085766969,73.4669189453125,1290300
2020-06-29,74.59973421904478,76.6985373462548,74.02893523536407,76.41752624511719,734000
2020-06-30,76.13652924960033,76.78637298499036,75.17055382921556,76.36485290527344,852700
2020-07-01,76.25946452946052,76.76879929371174,75.3286164222546,75.43399810791016,760900
2020-07-02,76.8214970617663,78.13873804451387,75.60084758723949,76.25946807861328,696900
2020-07-06,77.46255476671692,77.76990967263761,76.08384273172884,76.79515075683594,443400
2020-07-07,75.87308194622784,76.92687205249227,75.79404400334926,76.25946807861328,562800
2020-07-08,76.32096299978267,76.58440723595261,74.8632127669336,75.644775390625,512300
2020-07-09,75.24958375498224,75.49546765034566,73.47569559585995,74.16065979003906,670400
2020-07-10,74.590977524307,75.2847253326489,73.66012255750351,75.15299987792969,479800
2020-07-13,75.6272040712823,76.68977774486605,74.62610138047333,74.75782012939453,682000
2020-07-14,74.1606669847182,75.84674058761811,73.84452860291412,75.67110443115234,727200
2020-07-15,77.04104560070215,77.74357018130529,76.09263038206132,77.5064697265625,544200
2020-07-16,77.17274504632003,77.9718743453876,77.02345936402163,77.84014892578125,454600
2020-07-17,78.37584769120075,78.37584769120075,76.81272261314253,77.15520477294922,452100
2020-07-20,76.58438448229013,76.9093063135161,75.60962568844586,76.42631530761719,572400
2020-07-21,76.46144872497963,78.09482809554693,76.46144872497963,76.95321655273438,531600
2020-07-22,76.83027846105837,78.45487443076654,76.54049051931487,78.2441177368164,496900
2020-07-23,77.75235285595181,78.5953863638069,77.3571765023782,77.68209838867188,568300
2020-07-24,77.66451949952821,79.01688752114269,77.32203742845158,77.84014892578125,669000
2020-07-27,77.33961355565388,78.9466492648663,76.43510909522867,78.5339126586914,760900
2020-07-28,78.88516223237974,79.25398804802276,77.60304865907315,78.33191680908203,716700
2020-07-29,78.4548806328968,80.58003480596841,78.4548806328968,80.48343658447266,740200
2020-07-30,79.38571631109295,81.03665575917192,77.18153141990148,79.45597076416016,1009800
2020-07-31,79.64040637405932,80.52734397241203,78.48123436744972,79.16619873046875,1644800
2020-08-03,79.67551438521708,80.29022412682116,79.15739614600761,79.7896728515625,791800
2020-08-04,79.53501336351466,80.11460263438487,79.21887497937352,80.07947540283203,687200
2020-08-05,81.05421465790913,81.44938419238653,80.51853623127717,81.16837310791016,655200
2020-08-06,80.90493065859293,81.49330333059504,80.23753345128225,80.99275207519531,500600
2020-08-07,80.65027998720429,81.48453671880998,80.38683578235629,81.44940948486328,559000
2020-08-10,81.466962363267,82.76664310208085,81.08935300738085,82.60857391357422,577500
2020-08-11,83.48672408374235,84.80396492236235,83.21449645437423,83.662353515625,758600
2020-08-12,84.26829158603975,85.22549013774324,83.74139655841572,85.06742095947266,786500
2020-08-13,84.2595153818249,84.43515153942589,82.4065957930991,82.86324310302734,487300
2020-08-14,82.78418915193849,83.67113315180035,82.72271818362131,83.03885650634766,406000
2020-08-17,83.42526732031246,83.66236776371669,82.51197937935206,82.74030303955078,463100
2020-08-18,82.65248007011068,83.13546439181677,82.09045780859176,82.16070556640625,504300
2020-08-19,82.23095843805983,82.49440929924293,81.4757397824909,81.70406341552734,459200
2020-08-20,80.9049327051151,81.6250241205689,80.7468635309992,80.98397064208984,520300
2020-08-21,80.97519379956456,82.12558212227682,80.5448969513479,81.91482543945312,850400
2020-08-24,82.49442387012442,83.89069626144895,82.23975644595484,83.41648864746094,845500
2020-08-25,83.82043312157741,83.9609420444464,82.40659390942061,82.9861831665039,567000
2020-08-26,82.72273974655626,83.55699647670306,82.37148080737319,82.87203216552734,550900
2020-08-27,82.87202283281073,83.28475270985433,81.85335326436088,82.23974609375,410700
2020-08-28,82.49441119352834,83.3286611067085,82.02020365240995,83.31987762451172,482700
2020-08-31,84.2331608390042,84.30341529304178,82.27486650649968,82.93348693847656,1200900
2020-09-01,82.47684042577518,84.31219952990271,81.79187624235765,84.00484466552734,728900
2020-09-02,83.62722874365532,87.33306048698087,83.62722874365532,87.19255828857422,1083700
2020-09-03,87.41387948345121,87.41387948345121,85.1477598068452,85.72313690185547,1133700
2020-09-04,86.36932651622514,86.84733733449016,84.82022000934656,86.28080749511719,608200
2020-09-08,85.48412383217561,87.41386823137556,84.79366600418481,86.3604736328125,1351100
2020-09-09,86.80308515259904,88.84791058629415,86.4047461317018,88.22826385498047,767300
2020-09-10,88.5026744477604,88.86560447566501,86.81193203301758,87.43157196044922,1150200
2020-09-11,87.73255512657147,89.21969788188184,87.52895526715056,89.01609802246094,855000
2020-09-14,92.30020757143528,92.30020757143528,90.60947163630642,91.1937026977539,1043600
2020-09-15,91.55663226241867,92.40642712744803,89.86588970807615,90.14915466308594,1056700
2020-09-16,90.59175437176167,90.66257229718222,88.92757364579295,89.72425842285156,733800
2020-09-17,88.9983983858648,90.71569606417782,88.5115335532803,90.14031219482422,682400
2020-09-18,89.47640659863677,91.36188836405412,89.36132577608414,90.34390258789062,1252400
2020-09-21,89.05148614806359,89.34360497443278,85.00610572367935,85.46641540527344,1117200
2020-09-22,85.74085218895242,86.84735708840351,84.94416731063363,85.36021423339844,927200
2020-09-23,85.88246595276973,85.88246595276973,83.62520041351675,83.80223846435547,1658100
2020-09-24,83.7845301832295,84.80251577226743,82.79309962418567,83.15603637695312,738600
2020-09-25,82.62491174080482,84.04124309150643,82.16460877932468,83.29766845703125,754800
2020-09-28,84.37762095407787,85.27167863018475,83.94387300873773,84.74940490722656,715000
2020-09-29,84.92645299716635,84.92645299716635,83.74913034637535,83.86420440673828,534700
2020-09-30,84.22714142518156,84.97956329110778,83.45701170157108,84.24484252929688,778100
2020-10-01,84.7051502189522,85.51953605982823,83.40389960713466,84.06780242919922,673400
2020-10-02,82.76655883099048,85.14775931571945,82.76655883099048,84.84678649902344,576900
2020-10-05,85.80280232660137,86.59948707616805,85.24512637868911,86.2188491821289,717900
2020-10-06,86.33390739467345,87.74138465281834,85.15658496717234,85.43984985351562,522700
2020-10-07,86.3781774422814,88.0158029133513,86.3781774422814,87.41386413574219,506300
2020-10-08,87.76796057557944,89.58262436419409,87.4581405876276,89.53836822509766,657300
2020-10-09,89.91900288986373,90.57405180551007,88.78594311569634,88.86560821533203,665200
2020-10-12,88.76823990446188,89.39673381979516,88.34334584369229,88.72398376464844,596500
2020-10-13,88.2725401529606,88.89218022480438,87.88304824861865,88.43187713623047,484900
2020-10-14,88.52924198047802,89.91901180273081,88.52924198047802,89.3436279296875,709000
2020-10-15,88.59118541544362,90.20225583381158,88.27251155215606,89.65342712402344,910600
2020-10-16,89.70655419578985,90.08719211837122,89.1134692419166,89.33477020263672,733800
2020-10-19,89.47639534766058,90.7687919931201,88.95412163102837,89.06034851074219,999900
2020-10-20,89.6977017610022,91.69825746605052,89.60032880370872,90.15800476074219,886000
2020-10-21,90.6448686981829,91.46810848622748,89.97211193233912,90.30848693847656,952000
2020-10-22,88.95411043863251,90.24650692147996,84.74939321735926,85.67000579833984,1411700
2020-10-23,86.42245151429678,87.79452021608978,85.95329454313014,87.44043731689453,914400
2020-10-26,86.519824894643,86.5817888957811,83.50128319124401,84.47500610351562,941700
2020-10-27,84.53695773858479,84.91759561948766,82.95244222289931,83.09407806396484,719700
2020-10-28,81.571513320756,82.17345204059625,79.15490451437114,79.39391326904297,869400
2020-10-29,79.66833041708146,81.30595585827453,79.3496565551277,79.94274139404297,719200
2020-10-30,79.78340926469609,80.3587930363838,78.77427755896562,80.0489730834961,922000
2020-11-02,81.5538307620156,82.80197147037998,81.16434564853766,82.78426361083984,754000
2020-11-03,83.94387521558852,87.36960948669912,83.88191122176806,86.88275146484375,882700
2020-11-04,86.74998841226831,86.9978444414464,83.89077663894611,83.92618560791016,936400
2020-11-05,84.96185415032814,86.85618952921898,84.95300022232352,85.17430114746094,685300
2020-11-06,85.50182806525463,85.59920101928654,83.69601833527973,83.80223846435547,536300
2020-11-09,88.74167631799169,92.4506822075365,87.03323280302376,87.1837158203125,1176700
2020-11-10,87.39616181446397,89.57376204478855,87.17486089568828,88.36103057861328,727500
2020-11-11,88.84790661455907,89.34361857459498,86.32507041642315,86.4312973022461,883000
2020-11-12,86.05066234564057,86.3073722633136,84.31566367262175,84.9176025390625,599500
2020-11-13,85.80281628177912,87.94500814847169,85.6257781991121,87.6617431640625,446900
2020-11-16,89.1223321539397,89.20199726611506,86.87391335597808,88.13975524902344,739100
2020-11-17,87.05094622509279,87.413883057221,85.28939239676195,87.17488098144531,563600
2020-11-18,87.28110026423515,89.09577089984802,87.20143515761848,87.32536315917969,957600
2020-11-19,86.87390511026203,87.10406000176219,85.4044702343057,86.7499771118164,751400
2020-11-20,86.74995060486322,86.81191458515256,85.34248015819051,85.82933807373047,714400
2020-11-23,86.44898854719422,86.98010936710621,85.30707506992121,85.97097778320312,588400
2020-11-24,87.35190251735985,89.87473174431712,86.49325383666933,89.54721069335938,861100
2020-11-25,88.95411100893129,89.14885688836753,86.92699388304052,87.59089660644531,697200
2020-11-27,87.50238961045501,87.81220957321025,86.39588491949435,87.06864166259766,270600
2020-11-30,86.75881028151787,87.18370424492802,85.46641378299633,87.07748413085938,1978900
2020-12-01,88.25483480904938,90.83078165312519,87.58208464144997,89.99868774414062,826300
2020-12-02,86.69686363697284,87.63517751794201,85.5726510120672,85.8470687866211,1130100
2020-12-03,85.68642478818663,87.21255440676146,85.49900607808472,86.80201721191406,664800
2020-12-04,86.73954196294187,87.7301885531457,86.69491554358524,87.68556213378906,609200
2020-12-07,87.22147869404391,87.85513435650152,86.78416157326289,87.68556213378906,789900
2020-12-08,87.19467690852412,87.60522079843489,86.07016496009206,86.25758361816406,856600
2020-12-09,86.48070755323013,87.48027379332632,85.85597184413568,87.41780090332031,1161400
2020-12-10,87.23932275915824,87.50706764980819,85.8292123786013,86.60566711425781,591000
2020-12-11,86.2932936912563,87.27501350706443,85.85597662781367,86.62350463867188,829700
2020-12-14,87.33749320973116,88.26566684892462,85.49007257654826,85.516845703125,608100
2020-12-15,85.86488773798649,86.48069672597188,84.83854169435533,86.20402526855469,626400
2020-12-16,86.32900551865674,87.18577966716508,85.6596500767875,86.12373352050781,666900
2020-12-17,86.56102172531423,87.34640293427671,85.73102091704592,86.52532196044922,715700
2020-12-18,86.60567367602727,87.39997495369164,85.9630913370098,87.04298400878906,1725300
2020-12-21,85.47221371299416,87.06082281299445,83.9728574411437,86.89125061035156,692900
2020-12-22,86.70383857060574,88.40846013612256,86.56103948185286,88.03362274169922,675900
2020-12-23,88.32812719351058,89.5418920254065,87.95328985664004,88.7118911743164,585200
2020-12-24,89.06889153332864,89.13136442947105,87.81050015655799,88.67620086669922,149500
2020-12-28,89.49728051093956,90.568253263298,89.09566998445227,89.28308868408203,446800
2020-12-29,89.28308035547144,89.7293172584022,87.90866987736051,88.16748809814453,429200
2020-12-30,88.3995544957312,89.63116619334755,88.17643599050122,88.89933776855469,401700
2020-12-31,88.92610170071057,89.7204029524393,88.39954535117532,89.63115692138672,515500
2021-01-04,90.21124794425089,90.21124794425089,86.819844983416,87.85511779785156,910400
2021-01-05,87.82835369722244,89.11351139425672,87.1768447992748,88.66727447509766,793500
2021-01-06,88.79222700219263,92.50492171952241,88.26567066598504,92.20147705078125,966600
2021-01-07,92.3799704225905,92.80835405893387,91.05910612428899,92.58523559570312,768900
2021-01-08,92.87974216579653,92.96898817829366,91.18404069221394,92.22823333740234,735200
2021-01-11,91.46072614150137,94.26309357762311,91.15728148185805,93.80792999267578,1028900
2021-01-12,93.59375162579205,96.87805624603473,93.18321439939126,96.65493774414062,887100
2021-01-13,96.20870275518698,96.55676708070816,94.11138334623058,94.50407409667969,748100
2021-01-14,94.94136853099316,95.35190569709968,93.63835748838498,93.66513061523438,542600
2021-01-15,93.56696424866652,93.5758908945629,90.75567679548917,91.16621398925781,979600
2021-01-19,91.32685577011259,91.67492004619517,88.44416207874853,88.84577941894531,732800
2021-01-20,88.58696170997368,89.89889943966783,87.68556115946349,89.25631713867188,875800
2021-01-21,89.17599077077006,91.47857507512214,89.17599077077006,91.22868347167969,941400
2021-01-22,90.39867221326487,90.94308177715708,89.48834512225001,90.7110366821289,701900
2021-01-25,90.56823484453662,91.26436324702927,89.24737076129449,90.3183364868164,961300
2021-01-26,90.57717870070663,91.07696873966026,89.2473944302263,90.58610534667969,664200
2021-01-27,89.30985322396297,89.68469058718104,85.85597715393585,88.1764144897461,1228600
2021-01-28,88.93500502108328,89.54188740572069,86.45392923975311,86.52532196044922,906300
2021-01-29,86.3379298936048,87.08761156860282,83.55341546684764,83.78545379638672,2699900
2021-02-01,84.02640988706895,85.1866217451727,83.58909963027018,84.50834655761719,759600
2021-02-02,84.94565231279975,87.46242803070982,84.66898762751198,86.98941802978516,896600
2021-02-03,86.53427670280581,88.28352489499318,86.06126658056078,87.83728790283203,489200
2021-02-04,88.35492024125936,89.65793137924818,87.81943723796799,89.61331176757812,707000
2021-02-05,90.1398537422949,90.80028244734238,89.40802549912478,90.71996307373047,569500
2021-02-08,91.03234103083592,92.48707108821309,90.80029590207046,92.44245147705078,682400
2021-02-09,92.50492070558204,93.06717680895134,91.89803818378726,92.51384735107422,648300
2021-02-10,92.93330007247793,93.07609915761877,91.41609724254987,92.02297973632812,557300
2021-02-11,92.02297436557035,92.13007367317532,89.6043711766949,89.72039031982422,718700
2021-02-12,88.90826311444964,90.3451468118301,88.05148888398662,88.64051818847656,897200
2021-02-16,89.31878131428773,91.59458546412165,88.9707170700892,90.96092987060547,858100
2021-02-17,90.3629734095481,90.49684584307292,87.6677054949374,88.30136108398438,1103400
2021-02-18,87.67662867272901,90.72889439911302,87.67662867272901,90.21125793457031,945300
2021-02-19,90.82707450319863,91.83557446453946,89.54191659429623,91.3536376953125,921300
2021-02-22,90.55040199700008,93.75438687125428,90.5236288691737,93.32599639892578,850900
2021-02-23,93.70975439752559,94.94136586121185,93.03147236392795,93.57588195800781,1035100
2021-02-24,93.57589506157044,95.54826173228453,93.13858471967464,94.87890625,676800
2021-02-25,94.87890522578375,95.6018137689918,93.56696740522266,94.05783081054688,552100
2021-02-26,94.78071901639491,95.55717370789053,93.59373398491302,94.0221176147461,1511200
2021-03-01,94.95029307673411,97.40459618284376,94.74502790273735,96.6638412475586,1033900
2021-03-02,96.48535294252851,98.10072850704692,95.1020156872651,97.44922637939453,948100
2021-03-03,97.77051024992736,100.59072399615891,97.5295385041238,98.42201232910156,977100
2021-03-04,98.09384666531591,99.73024238934845,95.17171095384843,96.73617553710938,983800
2021-03-05,97.77014326445445,101.75323847327753,97.23966664486377,101.3756103515625,864900
2021-03-08,101.98701658975143,106.85124433950487,101.27671211773311,105.07998657226562,1358000
2021-03-09,104.89117323335292,105.19687024738425,102.01398976032142,102.04096221923828,1167300
2021-03-10,102.44557754525373,104.07298004896168,101.41158976245397,103.5425033569336,538100
2021-03-11,102.88614232999412,103.82122650313845,101.89711323561876,102.11289978027344,723400
2021-03-12,103.27275699937543,104.04599949963838,102.46354893401536,103.02999114990234,584300
2021-03-15,102.62538823885374,104.35169416630735,101.56442810140685,104.27976989746094,803000
2021-03-16,103.69536553613366,103.69536553613366,101.67234837882813,102.90413665771484,571800
2021-03-17,103.41661061426568,104.43261894645758,102.85916151421138,103.05696868896484,619900
2021-03-18,103.07497072616343,105.67342330879264,102.94909465265921,104.24382781982422,714300
2021-03-19,103.99204594391963,106.09597987936569,102.51748533633997,105.4755859375,3229500
2021-03-22,105.05300707597624,105.09796574693462,102.91310741712081,103.69534301757812,891700
2021-03-23,102.751276862599,104.74732133670078,102.57145587887467,103.20083618164062,750400
2021-03-24,103.1738535440635,104.63941431008853,103.16486043784502,103.22779846191406,689900
2021-03-25,103.57843525572198,105.35869267712106,102.17581276959046,105.22382354736328,701500
2021-03-26,105.81728014884798,106.65346079962413,105.15192738346919,106.59052276611328,654400
2021-03-29,105.6464410659897,106.55455282055819,105.01706075672297,105.34074401855469,532000
2021-03-30,105.43065651265395,105.9701263393702,104.89118668593773,105.70938110351562,561500
2021-03-31,104.81024684434105,105.33173723845753,103.5964381998996,103.92910766601562,903100
2021-04-01,104.27078091233304,104.90016116292523,103.56946953032167,104.85520935058594,522400
2021-04-05,105.6464379032839,106.32976997555313,104.64841568580208,105.40367889404297,574800
2021-04-06,105.28676950357632,106.21286041286666,104.74729980357249,105.61944580078125,580500
2021-04-07,105.33173597180588,105.93414373376696,104.43261745196072,104.90914916992188,529800
2021-04-08,104.43261120503016,104.81023931444105,103.64138256466883,104.04598999023438,614200
2021-04-09,104.71135539717449,105.16990782169762,103.68636070216805,105.09797668457031,1015100
2021-04-12,105.64641332930061,106.11395188490268,105.03501253521847,105.8711929321289,479600
2021-04-13,104.90015820457883,104.97208933396944,103.56946660950283,104.28875732421875,850600
2021-04-14,103.99206125013022,106.23985776486003,103.99206125013022,105.79029846191406,592900
2021-04-15,106.23986434686837,106.5725338614311,105.61047716791249,106.50060272216797,484600
2021-04-16,107.33678839424249,108.39774873915628,106.9861326485256,107.91222381591797,705200
2021-04-19,107.60649602515514,107.87623430318149,106.86921917290971,107.35474395751953,741300
2021-04-20,107.47164652281415,107.89423336772798,106.60849347904,107.21989440917969,869000
2021-04-21,107.82229615944605,109.62053328095675,106.9231775986907,109.0091323852539,785800
2021-04-22,108.74839723094905,110.78940039396007,106.62647668266149,107.31880187988281,1231100
2021-04-23,108.53260689673421,110.53764442098354,107.46265355269585,109.98918151855469,756300
2021-04-26,110.60058426683867,110.79839146240506,109.20694765060692,109.88128662109375,840800
2021-04-27,110.2948700898934,110.90627097389077,109.32382041653341,110.73544311523438,875300
2021-04-28,111.122063305842,112.16504416347965,110.49268303639202,112.11109924316406,1008600
2021-04-29,112.68654070620879,114.58368158384972,112.68654070620879,113.05517578125,1130700
2021-04-30,113.00120437683856,113.0551492874393,111.95822370702945,112.36283111572266,1406300
2021-05-03,113.24398487352552,115.50078133893271,113.02819833035026,114.412841796875,687700
2021-05-04,114.87138923006427,117.20010986922159,114.19705030957267,117.11917877197266,976000
2021-05-05,117.10124091836423,119.04332715707649,117.10124091836423,118.36898803710938,889200
2021-05-06,119.23210774966326,119.4658736263747,117.91938867099782,119.02531433105469,657100
2021-05-07,118.13519392474133,120.45492159087789,117.6856346185783,119.99637603759766,583700
2021-05-10,120.76060461697608,122.21717220974047,120.03232082059388,120.12223815917969,613100
2021-05-11,119.45689578180225,120.0682898344142,117.52379631135234,118.00032806396484,744300
2021-05-12,117.90143432800281,118.2880487666315,114.49376692220189,114.61065673828125,798500
2021-05-13,114.97927696140432,118.19812985566676,114.9253320438666,117.73957061767578,866500
2021-05-14,117.99131581305244,118.89943427003656,117.01127994986346,118.6476821899414,573800
2021-05-17,118.6656916641539,119.88849374261589,118.14420113015913,118.99837493896484,623600
2021-05-18,119.07027125130696,119.58277544570137,117.8384831425826,117.94637298583984,873200
2021-05-19,116.48081967761718,117.15515864095406,115.48279746310013,116.56173706054688,1501100
2021-05-20,116.57970484866777,117.87443764875299,115.73453128641997,117.61368560791016,773700
2021-05-21,117.73059847792732,119.86150529275733,117.73059847792732,118.17115783691406,956100
2021-05-24,118.68366461783931,118.83651314563289,117.78454594649205,118.1441879272461,558900
2021-05-25,118.00932380658786,118.53081427431621,116.67863203482769,116.86743927001953,911300
2021-05-26,117.49681122787437,118.25208127329878,116.55274768015055,117.64967346191406,779700
2021-05-27,118.71960645618152,119.12422077635537,117.21808013475787,117.29901123046875,1268800
2021-05-28,117.37993507316179,118.47686085430126,116.98432069708382,117.89242553710938,676900
2021-06-01,118.6836547625236,119.65470449327957,118.13519186976683,118.76457214355469,684700
2021-06-02,119.14218702814422,119.14218702814422,117.34395003520558,117.62268829345703,619900
2021-06-03,117.20198240234939,117.62721845031069,116.12533531214878,116.85818481445312,622700
2021-06-04,117.22006781834214,117.58197813937241,116.10722291779177,117.57292175292969,480400
2021-06-07,117.77197267989176,117.79007164787895,115.4558017743657,115.6910400390625,620200
2021-06-08,115.18437281035783,117.36483597597035,115.18437281035783,117.0934066772461,656600
2021-06-09,116.7948478032626,117.3377064563662,115.862951032961,116.1615219116211,700300
2021-06-10,116.97578008091068,117.25626575676789,115.45579814893848,115.54627227783203,470200
2021-06-11,116.03485448687398,116.98485020867899,115.85390620783227,116.74056243896484,519600
2021-06-14,116.35151546790186,116.46912424731401,114.73199605097035,115.45580291748047,684200
2021-06-15,115.09391025526352,115.22057543334664,114.00820675662688,115.148193359375,692400
2021-06-16,114.8315138745423,115.24770038583254,113.68247795236415,113.8634262084961,773100
2021-06-17,113.92675627838325,114.05342143543163,110.24440343508654,111.17630004882812,936000
2021-06-18,109.33965085966508,109.90965098210077,108.63394299639565,109.58393859863281,1703600
2021-06-21,110.76918018547643,112.83202095144125,110.44346775898363,112.56964111328125,706000
2021-06-22,112.6601035850385,113.56485869764886,111.36630349789635,113.04914855957031,607300
2021-06-23,113.31153669122698,114.19819980389723,112.55154565413893,113.38391876220703,599300
2021-06-24,114.0081909953973,114.56009215334731,113.32057519319615,114.14390563964844,447500
2021-06-25,114.45151939704056,115.73626997393231,114.45151939704056,115.49198913574219,711900
2021-06-28,115.12105460614684,115.16629512916263,113.23011947112306,113.55583190917969,439800
2021-06-29,114.27962182472358,115.41961525683465,114.27962182472358,114.64152526855469,385000
2021-06-30,114.54200075546647,115.09390194988873,113.85438490782441,114.42438507080078,471100
2021-07-01,114.89485011132487,116.22484813743301,114.48771307070294,116.08912658691406,506300
2021-07-02,116.40579604324272,117.06626340958537,115.96246106831825,116.76769256591797,452000
2021-07-06,116.64103574940718,116.85818196183202,114.35200625628539,115.302001953125,655400
2021-07-07,114.74104332449996,116.89435801164521,114.61437816071104,116.36959838867188,421800
2021-07-08,114.76819013795469,116.30627804452577,114.42438566371915,115.03961944580078,712300
2021-07-09,116.81294597554235,117.39198875901351,115.98057283714434,117.18389892578125,642900
2021-07-12,116.49626299180629,117.61816429815697,115.82675304591591,117.16578674316406,486300
2021-07-13,116.5053162953835,116.91245332300977,115.32913192243322,115.50103759765625,516500
2021-07-14,115.94436425211578,116.60484543618236,115.22056429060007,116.52340698242188,527200
2021-07-15,115.85390823832631,117.26532416724497,115.85390823832631,116.72246551513672,437500
2021-07-16,117.30149731188695,117.5186435134803,115.24770619997031,115.45580291748047,382300
2021-07-19,114.0443929849259,114.59629419590337,112.75059280385754,113.66439056396484,638600
2021-07-20,114.40628702450691,116.99388732988353,113.45629824977817,116.10723114013672,751900
2021-07-21,116.66817840173779,117.57293358718044,116.28818288050809,116.86722564697266,667900
2021-07-22,119.56338471695766,119.56338471695766,113.99914619850348,114.33390808105469,966300
2021-07-23,115.18438242774974,117.22913801746208,114.695813790893,116.79484558105469,648300
2021-07-26,116.39673764351556,117.55482306260791,115.66388822421915,116.45103454589844,694700
2021-07-27,115.7815202507362,116.80389801095161,114.99438076757045,116.60485076904297,571600
2021-07-28,116.74959684240152,116.95770046391664,113.99914729942441,114.04438781738281,642700
2021-07-29,114.94007753499645,116.0891133628559,114.46055848314803,115.73625946044922,740900
2021-07-30,115.36532919965208,116.26103485056016,114.34295147932549,114.8315200805664,1766500
2021-08-02,115.69104469672439,116.6591324409995,114.04439058302093,114.41533660888672,627200
2021-08-03,115.04866740255811,116.3786585684236,113.99914812240463,115.95342254638672,613800
2021-08-04,115.10294648569392,115.50104094396151,112.98581593359246,112.99486541748047,454300
2021-08-05,113.62818569183314,114.19818580249786,111.547253176798,112.36153411865234,518200
2021-08-06,113.46536342282543,113.79106897438581,111.92727529915611,112.44298553466797,550600
2021-08-09,111.95440936501544,112.57869267778146,111.57441382799895,112.16250610351562,438800
2021-08-10,111.98154396642971,113.34772620117059,111.82773724471782,112.88629913330078,406600
2021-08-11,112.89535185882146,113.92677222644656,112.17155184618566,113.763916015625,376400
2021-08-12,113.92676869027939,114.02629231062203,112.72344266448863,113.33867645263672,330200
2021-08-13,113.32058559582059,113.39296766643021,112.43392248768818,112.76868438720703,433800
2021-08-16,112.37059201482182,114.06248670778493,111.38441216947287,113.93582153320312,461000
2021-08-17,113.09439350846907,113.09439350846907,110.65155736977974,111.89106750488281,437700
2021-08-18,111.42058354077614,113.35675875650625,111.28486890546675,111.71915435791016,559500
2021-08-19,110.76012982926332,111.97250538561161,110.19918602351005,110.83251190185547,435800
2021-08-20,110.83249513920317,112.3977244342901,110.83249513920317,112.02677154541016,439700
2021-08-23,112.70533551687824,112.70533551687824,110.85058491621183,110.85963439941406,357500
2021-08-24,110.850613892474,112.11727266529613,110.73299819103305,111.49299621582031,558100
2021-08-25,111.45677989361091,113.61009448703967,111.25773267268163,112.85914611816406,548500
2021-08-26,112.68726653087015,112.68726653087015,110.98632228263283,111.03156280517578,333900
2021-08-27,111.16726168523405,112.14439194771245,110.9501154911423,111.88201904296875,409600
2021-08-30,112.26201657951492,112.6239200068794,111.76439850404705,111.86392211914062,268400
2021-08-31,112.1353617001438,112.18964480327038,110.12680405164775,110.55204010009766,786300
2021-09-01,110.95918921302528,111.46584997111464,109.51158211653065,111.24871063232422,591000
2021-09-02,111.4080942500551,111.88170310522996,110.63392232106929,111.56292724609375,527300
2021-09-03,111.38986089263575,111.97276719848549,110.83427723412409,111.28056335449219,432100
2021-09-07,111.0164337673776,111.08929879340947,109.3405798613926,109.40433502197266,442400
2021-09-08,109.34059638932915,110.01458061002513,108.63017270131768,109.13111114501953,504700
2021-09-09,108.74856223211405,110.13296296426383,108.39335392094434,108.55729675292969,723700
2021-09-10,109.16754789111593,109.37702619474531,107.63741679785339,107.81957244873047,807900
2021-09-13,108.72124580552484,109.44987525142258,108.01082219374646,108.57551574707031,614100
2021-09-14,108.38425947825114,109.37701952796778,107.21844670659435,109.29505157470703,740900
2021-09-15,109.05822565536745,113.47556520318223,108.54818438928145,113.07482147216797,1075600
2021-09-16,113.16590475623535,113.94918642352991,112.52835314275904,113.11125946044922,651800
2021-09-17,112.63763614854734,113.22054242698064,111.04375027340826,111.11661529541016,1030300
2021-09-20,109.44075954749259,110.07831110676163,108.43888288465432,109.77774810791016,593300
2021-09-21,110.697663492533,111.2896796982214,109.52274094706293,110.30602264404297,476400
2021-09-22,111.21679891600121,112.39172129505735,110.46083997502241,111.42627716064453,480100
2021-09-23,112.20047339745507,113.2934210636613,112.09117585131773,112.39173889160156,557100
2021-09-24,111.94544305665849,112.79247290799576,111.61755739539643,112.04562377929688,359700
2021-09-27,112.69231580939103,113.55756557262292,112.69231580939103,113.53024291992188,472700
2021-09-28,114.05849319406065,114.23153896098424,111.87259085143296,112.20957946777344,404800
2021-09-29,112.75603770660808,113.64860985913471,112.34617719066821,113.08392333984375,336700
2021-09-30,113.39360824410085,113.39360824410085,110.37888883487908,110.41532135009766,728000
2021-10-01,110.79783428347123,111.90900149581476,108.03813598164888,110.95266723632812,494600
2021-10-04,111.18948278223114,113.0839317035305,110.62478927238486,111.45361328125,585300
2021-10-05,111.50825388623021,113.40270272787792,110.74318506799945,112.64674377441406,623700
2021-10-06,111.36253677215902,112.62854406766596,110.08743350841094,112.1822509765625,506700
2021-10-07,113.22055890956491,114.75068985040566,113.22055890956491,114.20421600341797,518900
2021-10-08,114.18600510744766,115.40646315427108,113.86722232170857,114.79623413085938,329400
2021-10-11,114.85087916801332,116.08044707843725,114.504780681379,114.92374420166016,371800
2021-10-12,114.85086088302589,115.60681985197608,113.69415819040323,113.97650146484375,386800
2021-10-13,113.8125669769444,114.30439548859891,112.39173368691452,113.0930404663086,462100
2021-10-14,113.9947126527234,116.13507213621286,113.63039451858273,115.98023223876953,419100
2021-10-15,116.8910407897005,117.26446884143095,115.77077053209197,115.84363555908203,358400
2021-10-18,115.1696365808421,116.49939891140585,114.75978299252803,115.47019958496094,425100
2021-10-19,116.30813131083777,117.00034209964193,115.90738757086503,116.39010620117188,398500
2021-10-20,116.61779192577181,118.34830492128239,116.61779192577181,118.08416748046875,608600
2021-10-21,117.94757948926446,123.45787459241114,117.57415138480472,122.5106430053711,1178300
2021-10-22,123.09353328486833,124.91511728551801,120.72548242257356,121.16265869140625,807700
2021-10-25,121.57250619560087,122.03701898684955,120.37026804240105,121.62715148925781,773100
2021-10-26,122.1098884231602,123.28480397198518,121.2355220003083,122.55616760253906,711600
2021-10-27,122.556179619959,122.556179619959,120.57065956354771,120.6161880493164,526000
2021-10-28,120.8347745112152,121.39946111118036,118.70352453949198,119.89665985107422,527800
2021-10-29,119.89665908092795,120.41581719504491,118.46672285864483,119.4139404296875,777700
2021-11-01,120.16077805118874,120.16077805118874,118.92211431243172,119.97862243652344,498800
2021-11-02,120.39758522432827,122.52883496570475,119.9695119133362,121.97325134277344,498400
2021-11-03,121.86399862197774,122.99337205072638,121.65452030819147,122.2374267578125,400400
2021-11-04,122.73832399866541,123.67643863984074,121.18998038976517,121.809326171875,608800
2021-11-05,123.05710481407449,124.53258337253405,123.05710481407449,124.19559478759766,525900
2021-11-08,124.80584711461862,124.80584711461862,122.69281655485412,123.06623077392578,400000
2021-11-09,122.53795345544336,123.58537262724701,122.22828750103189,122.71100616455078,460900
2021-11-10,122.41956787603735,123.6855683223768,121.9914944828967,122.21919250488281,413300
2021-11-11,122.39225347785599,123.43965889058272,122.19187809319057,123.06623077392578,352700
2021-11-12,123.32124505546587,124.10452681911275,122.92961112243471,123.79486083984375,300000
2021-11-15,124.4141759195602,124.92421714691277,123.59445489195973,124.78759002685547,544800
2021-11-16,124.67833993963869,125.89879811538789,124.36867393640424,124.64191436767578,437700
2021-11-17,124.91513938271761,124.96979858637593,123.56717087510759,124.5417251586914,421300
2021-11-18,125.36143362670086,125.36143362670086,123.38501628702774,123.89505767822266,845900
2021-11-19,123.76750812588931,124.08629084320147,122.35577793113443,123.17549896240234,747800
2021-11-22,123.42141859137746,126.70027534176351,123.42141859137746,124.65099334716797,608400
2021-11-23,124.81492674296085,125.96253353146625,124.32310518901761,125.56178283691406,645400
2021-11-24,124.9788764452849,125.29765919690445,124.16827214003972,124.19559478759766,373200
2021-11-26,121.7182179926423,121.80930273346766,120.22451996713563,120.57062530517578,353900
2021-11-29,121.45413362620424,122.2738409675112,120.18813314713674,121.05338287353516,831900
2021-11-30,120.09703182907512,120.84387403084718,116.19884324082733,116.34456634521484,1721100
2021-12-01,118.42117757934105,118.9494385974513,115.09678544999451,115.10588836669922,734400
2021-12-02,115.8896672526101,119.96899546868659,115.8896672526101,119.05229187011719,979800
2021-12-03,119.78565502645053,119.78565502645053,117.53973405476307,118.41976165771484,534900
2021-12-06,119.8956830821567,121.92160462185413,119.4006691879436,120.9682388305664,656000
2021-12-07,121.85739398426122,123.50746314198628,121.59155611419328,122.64575958251953,1018600
2021-12-08,122.81996064662735,123.4433264506774,121.91243291484754,122.81079864501953,758000
2021-12-09,122.78328834661109,124.06666785342223,122.24243655358264,123.00328826904297,533600
2021-12-10,123.81918080319197,124.0208427571076,122.62746314433433,123.59916687011719,433300
2021-12-13,123.58999405317725,123.58999405317725,120.68403114412611,121.47239685058594,502200
2021-12-14,121.37155218271491,121.79324199729437,120.6840244762695,120.91320037841797,464000
2021-12-15,120.74819346877425,121.9765728762718,120.30817967864408,121.93991088867188,703100
2021-12-16,122.73746261257328,125.69841176228437,121.9582588421177,124.68087005615234,789500
2021-12-17,125.07505923320188,125.07505923320188,121.82075819221988,122.15077209472656,1864200
2021-12-20,120.94987978905216,120.94987978905216,118.32810683454386,120.4181900024414,551500
2021-12-21,121.78408605918668,123.72749333005609,121.34405823395053,123.15914154052734,730000
2021-12-22,123.43415641080409,124.33253617206668,123.15915647142717,123.98418426513672,471500
2021-12-23,124.56170509226024,125.58840877550045,124.08501524456075,124.09417724609375,307500
2021-12-27,124.92838705276216,126.48678064419781,124.73588709669555,126.2392807006836,312500
2021-12-28,125.97342128724117,127.03680094063043,125.97342128724117,126.55094909667969,360700
2021-12-29,127.2476361611321,128.44851574934435,126.72512233480693,127.97183990478516,303300
2021-12-30,127.97182513722396,128.80601476283368,127.50429736006582,127.77014923095703,350600
2021-12-31,127.65098490479092,129.5210542202237,127.16513308306321,128.5218505859375,556400
2022-01-03,129.03520634836283,129.34689623363255,125.21255364020276,126.44093322753906,417800
2022-01-04,127.13762169075176,129.74105649970565,127.01844574931395,128.65017700195312,590300
2022-01-05,129.23689078481726,131.061136283294,127.29348331051283,127.3668212890625,687500
2022-01-06,127.4217927260495,128.99852394211413,126.56926514353049,128.61351013183594,475100
2022-01-07,128.38436301128192,128.92521486682298,127.3026453124106,127.3668212890625,450400
2022-01-10,127.10093775491522,127.30261364881731,125.13919277696496,126.541748046875,597900
2022-01-11,126.41340916876598,126.43174715565252,124.24082631352745,125.9642333984375,563200
2022-01-12,126.98179275554915,128.1551723015123,126.18425107312085,127.32096862792969,608100
2022-01-13,127.15595320673751,129.1360222071396,126.84426337482556,127.42179107666016,483900
2022-01-14,126.32177349102662,127.1559772205999,125.24923183348461,126.60594940185547,498600
2022-01-18,125.42341269086431,126.2209404702882,123.25999130029682,125.1942367553711,639500
2022-01-19,125.634238609383,126.45926630307233,123.14080355086224,123.15914154052734,542500
2022-01-20,123.34246503408492,124.01165470674796,120.15234060742372,120.54651641845703,567000
2022-01-21,120.50069083872827,121.8757463005345,119.34564928641454,119.70316314697266,555400
2022-01-24,117.92477288002058,124.15836133825027,117.44808300115285,123.7366714477539,915400
2022-01-25,121.43572683459013,122.26075447827671,118.94229192718987,120.69319915771484,745000
2022-01-26,121.92159047596374,123.36082197993113,120.25318305004906,121.03238677978516,956900
2022-01-27,122.645787183171,123.70000487652806,118.57563432853507,119.07064819335938,587600
2022-01-28,118.79564839856904,119.75819023728329,116.21971282171204,119.47401428222656,625200
2022-01-31,118.55726254198952,122.16907648499154,118.30058668705603,122.13240051269531,1185100
2022-02-01,122.80161757276394,123.33329333922484,120.61069657890613,123.09495544433594,574200
2022-02-02,123.06746445849748,124.40585793609911,121.9215849011558,123.97500610351562,615000
2022-02-03,123.80999750679787,123.93833546323687,121.32573835263119,121.70157623291016,439500
2022-02-04,120.71150954066862,121.25237523358419,117.81473712638856,119.00645446777344,507800
2022-02-07,119.17146422122994,119.25396418554512,117.45723301967774,117.53057098388672,558800
2022-02-08,118.24560566750868,120.40902678280975,117.77807786640422,119.2814712524414,477000
2022-02-09,120.13400841951412,122.24242947674716,120.13400841951412,121.09654998779297,425300
2022-02-10,118.85063799842669,119.59317980070178,116.04552670468557,116.77889251708984,743300
2022-02-11,117.1455413375065,118.0805758320554,115.5963101813763,116.13716888427734,503500
2022-02-14,115.90801234588314,117.93391958974132,115.48632950396087,116.47636413574219,795800
2022-02-15,118.09893133375161,118.89645902252836,116.95305178652642,118.26393127441406,619200
2022-02-16,117.6039115421978,119.69400884738654,116.95305974822745,119.13481903076172,698600
2022-02-17,119.51984127604439,122.81996643514117,116.94389894228631,116.9805679321289,903000
2022-02-18,117.90643096687727,118.14478289227927,115.95385451178608,116.29303741455078,930500
2022-02-22,115.66967644377091,116.04552133466215,112.50705138615469,113.29541015625,915300
2022-02-23,113.2128896133661,114.37710005677357,108.78520974185557,108.94104766845703,1178700
2022-02-24,106.59431129426557,111.0403230981393,105.99845245595588,110.79281616210938,962900
2022-02-25,110.90280278086294,113.4237376393913,110.72862686168239,113.17622375488281,618700
2022-02-28,111.50783014937515,112.18618888431556,110.0044367401052,111.9845199584961,922700
2022-03-01,111.92951486257802,113.45124628675478,109.67442471083022,110.25194549560547,766900
2022-03-02,112.02119034400006,114.97297740341443,111.33366256285302,114.5146255493164,939900
2022-03-03,115.07321499338701,115.77493922627818,113.46664231683908,114.33456420898438,677000
2022-03-04,112.74648519622176,113.26354158909969,111.3707418398201,113.1896743774414,838500
2022-03-07,113.22658493463159,113.45741464080179,109.108583821879,109.49637603759766,1245700
2022-03-08,110.14270679772288,113.27275714521942,109.26554966092957,110.57666778564453,895900
2022-03-09,112.5156422021479,113.66055567065702,111.86008662564817,112.1924819946289,666000
2022-03-10,110.74287480819605,113.58669176118511,109.87495275909565,113.34663391113281,959100
2022-03-11,113.84521700755386,114.49153738472211,112.22940902026947,112.35867309570312,626200
2022-03-14,113.62361363021574,115.32252395042217,112.28480413663017,112.73722839355469,761600
2022-03-15,113.68824818898386,115.28559290918268,113.47588879697436,114.98089599609375,727900
2022-03-16,115.90421293867604,118.2956053546439,115.90421293867604,118.24945068359375,1097300
2022-03-17,117.1968678484774,118.45257506726624,117.1968678484774,118.23098754882812,1083200
2022-03-18,118.41564985763195,119.6159672548312,115.72878845617564,119.10813903808594,1806600
2022-03-21,119.10811948864263,120.03143824436853,116.91985150160151,118.44332885742188,1124300
2022-03-22,119.32972842781797,119.44052217695167,117.7231486217442,118.3325424194336,546900
2022-03-23,117.9262793894154,118.16634425213002,116.87369651091122,117.71391296386719,663100
2022-03-24,118.38793450876466,118.98808607728347,117.67697510686398,118.26789855957031,524300
2022-03-25,118.64647645885913,118.89577650209904,117.52926145581534,118.68340301513672,433800
2022-03-28,118.46182614980206,118.82191998297543,116.92911328502133,117.85243225097656,540000
2022-03-29,118.64647913511665,120.44694817973266,118.31408376620843,120.28998565673828,542800
2022-03-30,119.65288147081323,120.28997370531633,118.37871109053405,118.95116424560547,586500
2022-03-31,118.5726182012466,119.14507144346047,116.34742318856891,116.35665130615234,911800
2022-04-01,117.45538361818055,118.15710787809749,115.83034055892783,116.2735366821289,687900
2022-04-04,116.22736811073604,119.81908472672427,115.27635087299379,119.36665344238281,1435200
2022-04-05,118.68340191097595,119.69905830826124,116.97527044664984,117.1691665649414,854900
2022-04-06,116.36588431073662,118.14789013797673,115.71032871187354,117.8247299194336,718200
2022-04-07,117.71391887685968,119.76369490686281,116.32894059406163,119.29279327392578,595200
2022-04-08,119.33897840318546,122.13663379107086,118.42488753921842,121.89657592773438,992200
2022-04-11,121.87808244230307,123.21689189381026,120.49310423273144,120.64083862304688,460700
2022-04-12,121.50877022166044,122.96760165371767,121.05633889859963,121.59186553955078,567400
2022-04-13,121.57340584384342,122.27512318191238,120.44695558488452,121.4349136352539,568600
2022-04-14,121.71189335438575,122.92143875179958,120.83472920628219,120.89936828613281,444400
2022-04-18,120.31767383594197,122.19200992366216,120.31767383594197,121.08403015136719,481300
2022-04-19,121.25947124137173,123.70626065887232,121.25024312443465,123.55854034423828,558700
2022-04-20,124.95275641417216,127.4918835514639,124.95275641417216,127.11331939697266,779200
2022-04-21,128.33207959996068,130.28951086392172,127.13176239350817,127.53802490234375,994500
2022-04-22,127.307226832171,127.54728469759544,123.21691638089132,123.39234924316406,890500
2022-04-25,123.33691759898062,124.11250195060305,120.46539578618082,123.87244415283203,790800
2022-04-26,122.69063378020508,125.17436415557263,122.55212747634421,123.66934967041016,677500
2022-04-27,123.88168918276659,125.63600346189189,123.38310319971208,123.66008758544922,696200
2022-04-28,123.72472315591942,124.25102165133592,120.37307129636261,122.97683715820312,816100
2022-04-29,122.4690139439745,123.89091879998242,119.83754953777739,120.07762145996094,1261500
2022-05-02,120.83473831571418,122.42284792953562,118.42487545545137,120.48388671875,744500
2022-05-03,120.86243632767113,122.20125998098045,119.89296277007209,121.66573333740234,749100
2022-05-04,121.69342382760234,124.98966470332454,120.35461435047455,124.8142318725586,779900
2022-05-05,123.47542567964369,124.24178201463651,118.93269863513451,120.3084487915039,775100
2022-05-06,119.56979671357936,121.55492669920154,117.97245192823296,120.76087188720703,747500
2022-05-09,119.29278664705208,123.11532593167841,119.06195694607531,121.82268524169922,714200
2022-05-10,123.27228606238133,123.66007826190278,119.45898905605708,120.9085922241211,823600
2022-05-11,120.87166714714625,122.31204221687274,119.20046237807318,119.34818267822266,648100
2022-05-12,119.61595774199368,122.57980330893962,119.0342623682804,122.52440643310547,832600
2022-05-13,123.32771539296456,125.01737662514151,122.62598399421306,124.4449234008789,628000
2022-05-16,124.1217460631756,126.43004318483307,122.48748184492597,125.82066345214844,627100
2022-05-17,126.49465925752536,127.8981075970504,126.04222803203555,127.0578842163086,709000
2022-05-18,125.49749474214065,125.49749474214065,120.27150673893922,121.39795684814453,912300
2022-05-19,120.19764281169046,123.61393387545832,119.97605530137662,121.87808990478516,956600
2022-05-20,122.5705817113895,122.5705817113895,115.9226885719072,118.68340301513672,999000
2022-05-23,119.51440519286709,120.63161321445666,118.14789006963511,119.69906616210938,1055600
2022-05-24,119.34819584761753,121.47183213368277,118.12018706530603,120.89013671875,788600
2022-05-25,120.04991027808309,123.0876228287463,119.57900868915586,122.95835876464844,1083500
2022-05-26,124.64804620977112,126.04225261765694,123.89091798131506,125.60829162597656,635700
2022-05-27,126.27309245143695,128.5352351126824,125.94993927749394,128.5075225830078,630800
2022-05-31,126.97479866094757,127.6395892891771,125.80217990160854,126.24536895751953,1326900
2022-06-01,126.97482894849547,127.24258525128013,124.86966281986139,125.40518951416016,621300
2022-06-02,125.8001977994142,127.20365253949534,124.72203981226349,127.1292953491211,562900
2022-06-03,126.75752488007782,127.43601474870185,125.90243845527591,126.35785675048828,494400
2022-06-06,127.11998503791986,129.91760472586665,126.16265941590365,129.8060760498047,721100
2022-06-07,128.37474860979486,130.94931141529977,127.68696940569778,130.8749542236328,660500
2022-06-08,130.28009040778218,130.940001516301,129.4714791214718,129.6201934814453,457900
2022-06-09,129.65738131232803,131.98099029641995,129.30418820844727,129.74102783203125,809300
2022-06-10,127.53823871908558,127.9843676298743,126.27419498669892,126.33924865722656,838000
2022-06-13,123.76471422005022,124.27591104078395,121.39463018369129,122.3240737915039,919900
2022-06-14,122.89105651416206,124.14581127766168,121.79430548984175,123.09553527832031,881900
2022-06-15,123.69034806669913,124.39672005186527,121.5433357573785,123.07691192626953,772400
2022-06-16,120.94848326577866,121.0693012729714,118.69922467958881,119.25688934326172,832300
2022-06-17,119.0710244569712,120.26071117329643,117.99286643836886,118.24382019042969,1724900
2022-06-21,119.4799606102652,121.79426576826108,118.12296690725191,121.58049774169922,818100
2022-06-22,120.59530381824489,122.61219467349726,120.13058203089135,122.33335876464844,741000
2022-06-23,122.89100860392897,123.98774501848968,121.95227586694831,123.88550567626953,627600
2022-06-24,124.98224966973066,127.22221156954765,124.17363848537207,127.10137939453125,1195500
2022-06-27,127.5382396289814,128.57921182230913,126.64596761885586,127.46388244628906,571300
2022-06-28,127.77060740474863,128.9881761999328,125.61429153680163,125.89312744140625,649900
2022-06-29,126.22771145933869,126.22771145933869,123.67174199646156,124.0899887084961,681800
2022-06-30,123.03045090844617,124.88004886995934,122.25901098024272,123.61600494384766,845500
2022-07-01,123.23490569863853,124.86143176341817,122.01733702786684,123.94129180908203,1008700
2022-07-05,122.58429578808048,125.74439783837302,122.17533840181595,125.69793701171875,684700
2022-07-06,125.96746063415263,126.78537534994969,124.09928453885854,125.75369262695312,842000
2022-07-07,126.40433125318928,128.64429376220892,126.40433125318928,128.23533630371094,773800
2022-07-08,128.47697246887998,128.7465190289125,127.38952526359674,127.46388244628906,567600
2022-07-11,127.10138156020646,128.7743824720237,126.79466354452494,127.90070343017578,562400
2022-07-12,127.84496428835585,129.48077984547712,126.56232763952544,127.28729248046875,754200
2022-07-13,126.58091175852653,128.43979874713622,125.91171130805245,127.61259460449219,871000
2022-07-14,125.63286580510066,127.34303829997015,125.09378691781288,127.04562377929688,638600
2022-07-15,128.4398094603414,129.09041712418573,127.4638908734832,128.76510620117188,579000
2022-07-18,128.98818112647882,129.72244950938827,128.01226251418024,128.38404846191406,830800
2022-07-19,129.78748409563272,131.95308905776812,129.13687651052766,131.78578186035156,716600
2022-07-20,131.051551408317,132.58512772000873,130.80990117088092,132.4643096923828,610200
2022-07-21,131.98097548564,132.5851080808352,130.6983389320587,132.49217224121094,650500
2022-07-22,133.15207756961163,135.01096466545414,132.91042735273803,134.29530334472656,1017100
2022-07-25,134.76928273661153,135.04811857181286,133.8584322449882,134.3324432373047,737600
2022-07-26,132.93832078771845,134.0071752855127,131.88804495128488,132.65948486328125,901700
2022-07-27,135.6244015530129,136.11700550153228,132.09251321514722,136.0426483154297,1112400
2022-07-28,136.1634766948286,139.63960059112196,135.72663710259823,139.05404663085938,1111900
2022-07-29,139.17485160737226,142.8089643084266,138.8309479257868,142.08399963378906,2084700
2022-08-01,141.21963063036304,143.2551139190661,140.9593876163187,142.1397705078125,960800
2022-08-02,142.13978494185503,142.13978494185503,139.62100104682338,140.12289428710938,843800
2022-08-03,140.80140585596706,141.2754169519965,139.6860622711261,140.3738555908203,728900
2022-08-04,140.20654082742232,140.95008419247426,139.25850460014632,139.3514404296875,847600
2022-08-05,138.46849029734167,140.58762036784054,138.05953288335374,140.32737731933594,684400
2022-08-08,141.2753993553739,142.5208501301781,140.819966975551,141.1824493408203,616400
2022-08-09,141.1917702504015,142.18626745420602,140.53185910298583,141.34048461914062,925200
2022-08-10,143.0413587204052,144.6214241237774,143.03206939035812,144.02658081054688,803700
2022-08-11,144.99315863362858,146.42449511331435,144.60279413916885,145.56011962890625,1025000
2022-08-12,145.42075091536483,146.94503784179688,145.42075091536483,146.94503784179688,552000
2022-08-15,146.29440182865915,148.21835668901755,145.94122294109093,147.29820251464844,530400
2022-08-16,147.32610087334737,148.94333785328436,147.22386150940565,147.9209442138672,662700
2022-08-17,147.1401781055338,149.9563903910547,146.4709777424219,149.25930786132812,648400
2022-08-18,149.23145851689813,150.0586627334896,148.02317902985192,148.68309020996094,610900
2022-08-19,148.1811849320919,149.67758968115595,147.55845942787295,148.57156372070312,1757100
2022-08-22,147.21456062463852,147.94881477554836,144.5563515529702,145.87615966796875,866000
2022-08-23,146.20145521695335,147.55843469054244,145.69954781984293,146.61041259765625,641400
2022-08-24,145.87615525536407,146.8985487836112,144.81659022708172,146.173583984375,722800
2022-08-25,146.49886206767255,148.6179918546919,146.0806153801099,148.45069885253906,694000
2022-08-26,148.76673417706675,149.10133442647728,145.31850650609763,145.38356018066406,716400
2022-08-29,144.40761883360426,146.69405587440033,143.41312175440305,146.06202697753906,717300
2022-08-30,146.18286688271778,146.8799494807148,144.69575166745147,145.18836975097656,910600
2022-08-31,145.18837196520784,146.08991909142603,144.35186432554502,145.00247192382812,937700
2022-09-01,144.62388783455893,146.59632968291794,144.31540004625495,146.55892944335938,822500
2022-09-02,147.47505240296184,149.3072792215625,146.45611685119565,146.99830627441406,1455400
2022-09-06,147.04502125419026,147.8395979827588,144.98845042305695,147.129150390625,1110200
2022-09-07,147.3815635019605,151.7938503437727,147.3815635019605,151.39187622070312,1572500
2022-09-08,150.5692457305365,151.50405195692136,149.86814106074783,151.3825225830078,1327000
2022-09-09,151.75647567673542,152.8408545821496,151.60690322136495,152.18649291992188,971500
2022-09-12,152.85017219425688,154.23369578125198,151.99950930626767,152.51364135742188,925200
2022-09-13,150.27947244900784,151.36385130156685,147.41896713354416,147.64332580566406,1093000
2022-09-14,148.35374705164116,148.56874849236215,145.16605435812,146.10086059570312,898200
2022-09-15,146.39067291222378,146.6991464402135,143.6423400962177,144.34344482421875,1002700
2022-09-16,143.27775921168356,145.62411778510537,142.72621267860654,144.5958251953125,2068200
2022-09-19,144.10975540764107,148.26964095863988,144.10975540764107,148.19485473632812,1037600
2022-09-20,146.83002846536718,147.4563469579545,145.03518786498316,146.90480041503906,720200
2022-09-21,147.97983031277687,149.8120425512196,145.446499131896,145.4558563232422,675800
2022-09-22,145.68020309630856,145.68020309630856,143.60493207278472,144.25930786132812,810400
2022-09-23,143.02537248611085,143.45538968609102,139.94986585064714,141.19314575195312,920800
2022-09-26,141.15576774636094,141.9597018285895,139.07115344840145,139.40768432617188,972000
2022-09-27,140.5574835437783,141.39880355429372,138.07089522610315,138.94961547851562,744600
2022-09-28,139.8937542071862,143.7638516388907,139.06177718788777,142.7168731689453,828100
2022-09-29,141.25855553670513,141.30529869622606,139.27677109630284,139.9404754638672,861900
2022-09-30,140.23028572717737,141.66053820260998,138.66916094235918,139.5852813720703,905000
2022-10-03,140.90333815879254,144.0536448334056,140.24897665475203,142.94122314453125,804800
2022-10-04,144.56778030623934,146.47479303682195,144.37147898233343,146.26913452148438,784200
2022-10-05,145.4839068892429,148.2041823415004,144.8201881498599,147.2413330078125,771500
2022-10-06,147.24134384774976,148.14810715326232,146.1663222450557,146.60568237304688,604400
2022-10-07,145.55870814954503,145.55870814954503,143.10950572695216,143.83865356445312,679100
2022-10-10,144.65194044726024,145.33434509220126,143.31515994288245,144.42758178710938,560700
2022-10-11,144.8108462403156,147.64330816636505,144.61453064266325,146.55892944335938,1221600
2022-10-12,146.55893071999333,147.0169909424975,144.78280445381532,144.8201904296875,653000
2022-10-13,142.77296956345356,147.40961532658702,141.75403406730155,146.33457946777344,714000
2022-10-14,147.20397799189254,147.67138123330605,144.34347243668424,144.4182586669922,907200
2022-10-17,145.86719668394585,148.32574228781215,145.70828129422276,147.9237823486328,845600
2022-10-18,150.64404805001521,151.76582715906525,148.2603031033186,150.157958984375,854500
2022-10-19,149.55028924703925,150.4009662974131,147.55916177564964,148.60614013671875,868300
2022-10-20,151.20491859884743,151.20491859884743,144.6051884216899,147.57786560058594,1358900
2022-10-21,148.40051464928283,151.77516629312785,147.34417886241306,151.7658233642578,998600
2022-10-24,152.91562712295539,159.48731473743558,152.91562712295539,159.4312286376953,1331600
2022-10-25,158.86099231411438,160.79603402808567,157.16899511443523,160.45950317382812,1441700
2022-10-26,161.16061076088042,161.5906279626528,158.272062531799,160.11363220214844,995000
2022-10-27,161.25408731588928,163.77806148194423,161.25408731588928,163.57240295410156,1043300
2022-10-28,164.04915511146834,167.9285953708883,163.9463258526783,167.19944763183594,864200
2022-10-31,166.3394651841936,168.08754871472212,165.36725846970702,166.26467895507812,1841600
2022-11-01,166.7881653302192,168.23711818254537,164.9559526735088,167.56405639648438,822500
2022-11-02,167.04989253990965,167.39578059027957,163.65655517578125,163.65655517578125,1101900
2022-11-03,162.48804113293568,166.20856628674616,161.98323773308462,165.50746154785156,802200
2022-11-04,167.3676922642749,168.0220680017695,164.55393079628732,166.58245849609375,599600
2022-11-07,166.7320620217254,168.4147163132592,166.25531591579625,168.28384399414062,680500
2022-11-08,168.87277611256386,170.349771985733,167.0405634950223,168.79800415039062,692800
2022-11-09,168.33058796894096,169.5271389677457,166.19921634680617,166.75076293945312,978000
2022-11-10,170.7984766821961,171.0695642510183,168.5642900475111,170.32171630859375,1092700
2022-11-11,170.66758109120053,171.51824392400593,165.67570495797662,166.35812377929688,1163000
2022-11-14,166.180512604652,170.28431150982476,165.84398178095623,168.0501251220703,884600
2022-11-15,169.45232478241127,170.21885845326253,166.86290760051392,169.6018829345703,921200
2022-11-16,166.69464960529717,170.92932058001486,165.61027098229383,168.171630859375,937400
2022-11-17,167.04989255559457,167.79774049136705,165.0400646007182,167.70425415039062,883900
2022-11-18,169.48039224245434,170.03192455952092,167.34903492903368,168.9008026123047,786000
2022-11-21,169.04104390819066,171.7613339697879,168.4521113086247,170.40585327148438,621000
2022-11-22,171.59306670972478,172.82701804909377,170.73304650229224,171.9950408935547,722300
2022-11-23,171.96698092999927,172.9391732493978,171.72392215214003,171.92958068847656,575500
2022-11-25,172.49047251006587,173.9768111902182,171.97632616233656,173.96746826171875,404400
2022-11-28,172.98591553751754,173.39723260809396,171.10694567093105,171.28456115722656,828000
2022-11-29,171.01345265906326,171.74260037163168,168.4707785922566,168.77926635742188,1212200
2022-11-30,168.30253084435688,171.3780517578125,166.99380764544793,171.3780517578125,1679700
2022-12-01,172.02153196415466,174.1633454927104,171.4109326368172,173.6936492919922,841900
2022-12-02,172.9797061870629,176.35212127232037,171.7491045060462,175.9293975830078,864500
2022-12-05,174.3982005871499,174.4263812136039,172.09669197812894,173.7124481201172,980800
2022-12-06,173.66546564795942,175.19667982256166,169.917299205134,171.58941650390625,951900
2022-12-07,171.34517115478732,173.54336030475417,170.90365557200698,171.7772979736328,800000
2022-12-08,172.59454058853973,175.00878564240946,172.4066649982515,174.37939453125,971800
2022-12-09,173.36487018624,174.4827494350301,170.91305545030255,171.21365356445312,910400
2022-12-12,167.61579037714276,170.98822021484375,166.54488354214337,170.98822021484375,1116900
2022-12-13,173.59970243877189,173.59970243877189,166.41334263856453,167.25880432128906,1398200
2022-12-14,167.587585159426,169.9924415535989,166.7891102830311,168.22637939453125,851300
2022-12-15,167.1460534574602,168.2827243685216,166.21606431876154,167.92575073242188,893800
2022-12-16,166.31001985590026,167.28699595348021,164.06487265175633,166.09396362304688,1663600
2022-12-19,166.40395449758725,167.06152625283787,164.2903217838601,165.21092224121094,604800
2022-12-20,165.43637792164742,166.20667215115753,164.5721387288851,164.9854736328125,712100
2022-12-21,165.89668130522335,167.75667399403852,165.239095246299,167.17425537109375,494300
2022-12-22,166.0188263178045,166.16913255235508,162.93762017947466,164.38429260253906,615600
2022-12-23,164.38428849581123,165.8873078017936,163.52004916972336,165.8685302734375,385200
2022-12-27,166.55426393695123,167.44668378880334,165.9060809320724,166.54486083984375,545400
2022-12-28,166.54487427662508,167.55003103693625,164.4970057005008,164.57215881347656,428500
2022-12-29,165.05123783275528,165.78396274036533,164.32790168868223,164.61912536621094,454700
2022-12-30,164.20581239302842,164.20581239302842,161.6506636381206,162.99398803710938,680800
2023-01-03,162.68398231407815,162.68398231407815,158.68217552161786,159.5182342529297,1924400
2023-01-04,159.42427838356699,161.90427355755438,159.2551803107552,161.5191192626953,1133500
2023-01-05,161.18092863105247,161.29365111743243,157.25426145895042,158.35336303710938,995700
2023-01-06,159.74369556706998,160.95550557051257,158.80430307838859,160.48580932617188,1042300
2023-01-09,160.889756781921,162.55247117914445,159.91278055917616,160.08187866210938,874100
2023-01-10,160.21338511245332,160.62672008362918,157.9024733799662,159.4618682861328,917800
2023-01-11,159.8375972537569,160.8333651518841,158.7948712068977,158.90760803222656,1150100
2023-01-12,159.07667428021324,159.38667543130464,157.3857654260727,158.71031188964844,1038800
2023-01-13,158.0246037504685,159.7906661954783,157.9118812400182,159.28338623046875,1075000
2023-01-17,159.85639416810565,160.31670157894553,157.88367883734128,158.32518005371094,798000
2023-01-18,158.7854963747374,159.69670815031432,155.83580480932062,156.12701416015625,834700
2023-01-19,155.74184935077722,155.74184935077722,151.49580630510604,151.58973693847656,1024400
2023-01-20,152.00309743313142,152.2285567923326,150.28400744595132,151.93734741210938,1347700
2023-01-23,152.82973782401226,153.9945751193594,151.52398308120306,152.83912658691406,768700
2023-01-24,153.2149110911062,156.6436877275583,152.2285461726502,155.4130859375,816200
2023-01-25,154.67092970157117,156.53093669475234,153.99456612841226,156.38063049316406,653200
2023-01-26,156.8785442576171,157.99642360295138,156.28672240797152,157.8085479736328,722900
2023-01-27,157.94944245969842,157.94944245969842,155.1406539363783,155.88278198242188,832900
2023-01-30,155.8263784635653,157.58303724267336,155.78879474955966,156.5121307373047,662000
2023-01-31,157.01941352957473,157.6582077322704,155.84517318210862,157.64881896972656,938800
2023-02-01,157.03820524872597,158.94517042459273,155.68547807621215,158.35336303710938,857800
2023-02-02,158.3251967604939,160.56095537193812,157.48913805575913,160.40126037597656,1178300
2023-02-03,160.20396481549722,160.54214663433635,158.06215140751254,158.09033203125,847900
2023-02-06,157.8930686123473,159.35851839144544,156.9912456453693,158.9263916015625,1443200
2023-02-07,158.44730540574045,159.22700277361926,156.29610323864526,158.7291259765625,642500
2023-02-08,157.81791869441102,160.15701086386818,157.0570131655728,159.18943786621094,975100
2023-02-09,160.025509670319,161.13398588155198,158.40035041054077,158.99217224121094,864700
2023-02-10,158.86063943641398,162.85305688758766,158.6915413612779,162.5524444580078,940400
2023-02-13,162.53366625062975,166.6388061787004,162.22366505917054,165.13577270507812,1150800
2023-02-14,164.96668981098432,166.86426635602012,164.29032617778321,165.9060821533203,912400
2023-02-15,166.16911022678593,168.94031475927815,166.0939571196078,168.79000854492188,932200
2023-02-16,168.03853438056905,169.52277624529273,167.27762875175324,168.2921600341797,832000
2023-02-17,168.36728697203176,169.77637549782722,167.70032643018948,169.22213745117188,850000
2023-02-21,167.29637226915227,167.64395716934723,163.77365112304688,163.77365112304688,1140200
2023-02-22,164.9291305418702,165.59609111880948,163.05034574194363,163.36973571777344,988300
2023-02-23,164.42183642628447,169.79516163697883,164.42183642628447,168.8651580810547,1476800
2023-02-24,168.02910536719162,169.36304078657042,165.9342644363493,167.98214721679688,1116300
2023-02-27,169.70122886023722,170.37759252512728,166.97699667342306,167.53123474121094,1285700
2023-02-28,167.67215967950335,168.67730212406113,165.56791547997503,166.1409454345703,1698000
2023-03-01,164.4876282850318,164.95732452304276,159.29278903935,159.98793029785156,1777000
2023-03-02,159.06214766512107,161.63162873930148,157.61681636269387,161.4710235595703,2607800
2023-03-03,162.09450714509268,162.76522333374146,160.8286638523468,162.2928924560547,1280200
2023-03-06,162.2928807172047,164.33335342067625,162.06615672313225,164.00271606445312,1375400
2023-03-07,164.39004484833987,164.53173834773455,160.60194193471585,160.8097686767578,839800
2023-03-08,160.9609146884896,161.3671267356736,158.7787483565962,159.38333129882812,841500
2023-03-09,159.46836586870202,160.09184615414785,155.7275129848191,156.05813598632812,808100
2023-03-10,156.21871369783693,157.087800804329,153.5736722495545,153.97042846679688,1028000
2023-03-13,152.2889304991095,155.56689358439584,151.74102494200835,153.50753784179688,1466800
2023-03-14,155.0000998368457,155.859745478635,152.96906844972608,154.735595703125,1736900
2023-03-15,153.45087266992513,154.3577399706108,151.03254064890226,154.10269165039062,1459200
2023-03-16,153.26193952468188,155.71805161860067,152.32671912968007,155.5480194091797,1487200
2023-03-17,154.78283034571024,155.2362639404298,151.57097181259505,153.10133361816406,6637000
2023-03-20,153.94205771633656,156.61543730823308,153.75311386845837,155.63299560546875,1236800
2023-03-21,157.0689186396906,157.82465094870133,155.60468999368132,156.73828125,1197500
2023-03-22,156.5210031413471,157.06890867024347,153.59254603520304,153.63034057617188,1261700
2023-03-23,153.6208960308064,154.3388482180718,144.4954740733412,145.75186157226562,1929600
2023-03-24,147.44279986163443,149.02982459868144,146.24307546663752,148.1985321044922,1619900
2023-03-27,149.56829289693877,150.91915224701918,148.4158044373766,150.22955322265625,1187300
2023-03-28,150.49408071460022,152.9596487802512,150.43740330851108,152.4117431640625,987600
2023-03-29,152.7896007148476,153.54531860351562,150.9191600215284,153.54531860351562,1037500
2023-03-30,155.99198468028396,156.58711172487617,154.79226033488584,155.27403259277344,1021100
2023-03-31,155.8880919367254,158.17417172875102,155.8880919367254,158.05136108398438,799000
2023-04-03,157.92854816950862,159.78009158549526,157.92854816950862,158.96768188476562,837200
2023-04-04,158.94878973117008,159.30776582879813,154.70726746231202,155.71804809570312,721700
2023-04-05,155.52911273686794,155.52911273686794,152.8273795067666,153.1863555908203,745000
2023-04-06,152.95963431599333,153.7626025980486,151.8354844868739,153.29971313476562,859800
2023-04-10,153.23357347646783,155.82193718725,153.15799881430289,155.66134643554688,719200
2023-04-11,155.9919946357549,157.6734913463544,155.88808126984623,156.2187042236328,675800
2023-04-12,156.24704764495075,158.59926059104123,155.9542048088275,157.3995361328125,730200
2023-04-13,157.0216820561211,157.0216820561211,153.47920038492546,155.1417999267578,910900
2023-04-14,155.44408985972893,157.62625613997417,154.95286172629378,155.93531799316406,1037400
2023-04-17,156.2187013824648,158.41032345471814,155.58577977049342,157.0972442626953,1212100
2023-04-18,157.41841851132872,158.60868701424255,156.8138356252529,157.25782775878906,902400
2023-04-19,157.34285598656012,157.34285598656012,156.17148466252195,157.2861785888672,1038400
2023-04-20,156.7382802221525,160.61139927143685,156.62492542158245,159.2888641357422,1296500
2023-04-21,160.60192904921448,160.6113848913452,157.04056484914855,157.30506896972656,934300
2023-04-24,157.2672758940349,158.0513468353308,156.8610782816492,157.9474334716797,653100
2023-04-25,157.61681219377883,157.9474351438828,155.7652688985003,156.00143432617188,703200
2023-04-26,154.92453827503223,155.90698022419846,154.02711243009864,154.3766326904297,663800
2023-04-27,154.47109932685385,158.3725427023592,154.4049660829054,158.3347625732422,983200
2023-04-28,158.2969617918394,159.1943874888336,157.65458436549872,158.99600219726562,766500
2023-05-01,159.35497172400036,162.26453125683676,159.35497172400036,161.46156311035156,965200
2023-05-02,161.4426978316512,162.08507535900475,158.57093226681062,161.4993896484375,1760300
2023-05-03,162.94472315665982,163.58708627785597,162.1039747101557,162.4629364013672,1407100
2023-05-04,162.4723639961688,163.36978968975765,160.38465538647475,161.82998657226562,1761700
2023-05-05,162.4440478759629,164.79624650966343,162.26455982942133,164.1160888671875,821500
2023-05-08,163.85157207591118,164.2294454116822,161.87723254508683,163.0580596923828,1045500
2023-05-09,162.61407145174383,163.6815438312374,161.82055904908742,163.63430786132812,682300
2023-05-10,164.36169423932935,165.23078127289963,162.39679617519033,164.0782928466797,682800
2023-05-11,163.34146332570103,164.16331441885882,161.5654946592603,162.14173889160156,695100
2023-05-12,162.330677539476,163.15254309352866,160.18630566767985,161.20652770996094,510800
2023-05-15,160.84754438208256,161.23484470653477,158.4480957011133,159.09991455078125,749800
2023-05-16,158.1741774524304,158.1741774524304,155.8692003052495,156.39820861816406,720900
2023-05-17,156.76661588376226,157.333418704416,156.0108835943554,157.1539306640625,617100
2023-05-18,156.91774816705197,156.91774816705197,154.05542450412284,155.66134643554688,621000
2023-05-19,155.76525602842764,156.71935908820655,154.72612246677332,155.6519012451172,689100
2023-05-22,156.04866249071944,156.5398905917407,153.44138707440072,154.14044189453125,763900
2023-05-23,152.5723161588022,153.63034713519113,151.33481155552786,151.58987426757812,600000
2023-05-24,152.35504381940925,152.35504381940925,149.46438120993827,149.55885314941406,552800
2023-05-25,149.14320140536375,150.37125014640074,148.1513036869617,149.776123046875,676400
2023-05-26,149.6060657597111,149.77611235772147,148.23630920557608,148.51026916503906,758900
2023-05-30,148.00015931000672,149.11486770564449,146.95158415786378,148.97315979003906,931500
2023-05-31,139.63044480297958,141.8692884391321,137.2593491042356,140.68846130371094,2550900
2023-06-01,142.94169589822118,143.54064356433696,140.63142359284817,141.86737060546875,1276400
2023-06-02,142.47582934791438,145.94597418575256,142.04800545799236,145.7938690185547,1020300
2023-06-05,145.92697858245657,145.92697858245657,143.5406463901209,144.51039123535156,843500
2023-06-06,144.14913751829533,145.96502849189054,143.92097245819733,144.79563903808594,643600
2023-06-07,144.5484247843993,146.0125514560181,143.82587799632367,145.8033905029297,922600
2023-06-08,145.91747371506457,146.61151438404102,145.0142865989364,146.55445861816406,752100
2023-06-09,146.8776985279,148.90273550596336,145.85091247242116,148.1421661376953,849500
2023-06-12,148.65555884370303,150.50947215243235,147.95201618762536,150.33834838867188,994800
2023-06-13,150.03411210436727,151.52675932907212,149.72037069076183,151.28907775878906,879700
2023-06-14,151.4031298831345,152.68661590783532,150.30028413670277,150.8992462158203,716900
2023-06-15,151.98309716213845,154.06518994686732,151.53625466920892,153.6848907470703,794200
2023-06-16,155.40571382216038,155.57683757790275,152.90529922909914,153.51376342773438,1382000
2023-06-20,153.10496017458638,153.54230066479332,150.45244012509932,151.72640991210938,913100
2023-06-21,150.86122915828162,154.23631013019784,150.7091239888209,153.51376342773438,794800
2023-06-22,153.65637568854297,154.44548023641926,152.46796784660847,153.5327911376953,592300
2023-06-23,153.2761037234712,153.2761037234712,150.76618673293785,151.80247497558594,1330200
2023-06-26,152.18275913675475,155.33916277085876,152.18275913675475,154.6356201171875,890900
2023-06-27,155.25363380408467,157.63044995385042,155.0159521891081,156.82232666015625,925400
2023-06-28,156.97439380502,157.69694045007304,155.70992629597993,157.00291442871094,776700
2023-06-29,156.9173657330852,158.49557474216832,156.3754448235962,157.87759399414062,543900
2023-06-30,158.93292446904002,161.29072178892852,157.83007840555248,160.89141845703125,823200
2023-07-03,160.20689167000316,160.77733328154432,158.89489917455103,159.7125244140625,631600
2023-07-05,159.56989455120737,159.68399156894728,158.14380513837784,158.74276733398438,796300
2023-07-06,157.93465240248514,158.67621777512863,155.75749550217176,156.9364013671875,892800
2023-07-07,156.5655766835169,157.5638420504675,156.32789514409674,157.2691192626953,926000
2023-07-10,157.26914450763476,160.3399864279362,157.11702481632432,158.65721130371094,708500
2023-07-11,159.22761286596472,161.43330451565802,158.77126837210503,160.425537109375,673700
2023-07-12,161.61396749629688,162.16539048613632,160.24491931558265,161.3857879638672,755500
2023-07-13,160.330474781414,160.71075947997375,156.6131316492274,156.6511688232422,999900
2023-07-14,156.46104407453402,158.07727598562266,155.92862512695373,157.76353454589844,1161000
2023-07-17,157.33569998262527,159.06601429812653,157.14554311783726,158.45755004882812,702700
2023-07-18,158.88536697683642,160.2068758900398,158.2293635402586,159.02798461914062,905000
2023-07-19,159.5128554712942,160.52062301566227,158.5906498111992,159.78857421875,997500
2023-07-20,152.6961539100161,153.3331387997236,147.05833932298097,147.52420043945312,2260700
2023-07-21,147.36256790849453,150.14818884176037,146.29775915679306,148.60801696777344,1485400
2023-07-24,149.14040967142694,150.12917301227847,148.2942639602581,149.7869110107422,904300
2023-07-25,149.31155057937312,150.4524191024607,147.87594475247505,150.05311584472656,691900
2023-07-26,149.54923345157377,150.75665978178344,149.45415502925283,150.18621826171875,648400
2023-07-27,150.23378685692924,150.45244986271888,147.66682852843067,148.13267517089844,1134800
2023-07-28,149.14043049826594,149.68235145426294,147.90449791000384,148.62704467773438,669800
2023-07-31,149.20699115412933,149.46369132276666,147.1058796014539,148.04710388183594,1703900
2023-08-01,148.27527840694628,149.33058516795276,147.6477955745788,149.0453643798828,945300
2023-08-02,148.65555604241277,149.26402025809207,147.38158635754223,147.69532775878906,800900
2023-08-03,147.62878392662307,148.8076898028289,146.57347711600852,148.01858520507812,931300
2023-08-04,148.64604419918425,149.73937350454054,147.75235926795307,147.83792114257812,660800
2023-08-07,148.7031058371558,149.44467119944042,148.256263310275,148.76014709472656,743400
2023-08-08,147.62877832484406,148.27527975079076,145.394565722801,147.71434020996094,1034100
2023-08-09,147.89496972296732,149.24499922604525,147.4101045691287,148.79815673828125,1213100
2023-08-10,147.96151356030902,150.23374845079096,147.67629281740523,148.4748992919922,952600
2023-08-11,148.82668129893847,150.78518956643256,148.55097706854903,150.2052459716797,696500
2023-08-14,149.54922965443046,150.1101546138626,148.19920023194788,149.39710998535156,1067300
2023-08-15,149.15942942143224,149.25450784196306,147.02029552186028,147.1533966064453,862200
2023-08-16,147.9900216644439,149.88195723535944,147.84740405159218,148.7410888671875,898100
2023-08-17,148.89324688448798,149.81545255889915,146.66855081726047,146.70657348632812,565300
2023-08-18,145.6988111307288,148.36084777545003,145.6988111307288,147.23898315429688,646200
2023-08-21,147.0583140661957,147.55269572663198,145.3184979760486,146.29774475097656,776900
2023-08-22,146.06957701274038,146.6209999655218,145.22343125054311,145.5751953125,542100
2023-08-23,145.44208262391612,146.925213099447,145.44208262391612,146.75408935546875,630000
2023-08-24,146.326293393067,147.08687736085028,144.93822656384262,145.02378845214844,544700
2023-08-25,145.82240347272332,146.64953070547276,144.90969984832964,145.4991455078125,666200
2023-08-28,145.40408626731465,146.90623559958766,145.09034483966278,145.89846801757812,549400
2023-08-29,145.94599190885202,147.4196206036955,145.05232135541738,147.36257934570312,780500
2023-08-30,147.09635139881314,149.6728111468668,146.91571110882336,148.05657958984375,517100
2023-08-31,148.15168241813035,148.4464052527034,146.0981101097775,146.1551513671875,996500
2023-09-01,147.17242695993482,147.45764773740356,146.155142905247,147.43862915039062,575300
2023-09-05,146.896707644228,146.896707644228,144.39630747179496,144.83363342285156,892800
2023-09-06,144.27270312898673,145.09032825417947,143.5596584677232,144.3012237548828,824500
2023-09-07,144.08120786131101,144.63608941834053,142.96183906283932,144.47344970703125,1055800
2023-09-08,144.29167910854758,144.7126212003325,143.11490983444384,143.4976043701172,694000
2023-09-11,143.8802834998002,144.1673007503681,141.9764165160604,142.27301025390625,698100
2023-09-12,142.1773392347726,142.19647761186795,140.25434838836426,140.9049072265625,892600
2023-09-13,141.34499853297154,142.69395481690805,141.17278234032398,142.04339599609375,684600
2023-09-14,142.7226336451761,143.7750252246604,142.30169161168425,143.698486328125,566300
2023-09-15,143.7941734225547,143.7941734225547,142.28256295888494,142.38780212402344,932400
2023-09-18,142.26342570029036,143.1531776667714,141.51718965010778,141.66070556640625,483500
2023-09-19,141.09623662702282,142.47390770854025,140.11082195588529,142.1103515625,797000
2023-09-20,142.68439327276423,144.12902684480946,141.87118014647604,142.7991943359375,796300
2023-09-21,142.13905708365195,142.1964576085589,139.30717620239028,139.33587646484375,780500
2023-09-22,139.182815728235,140.9240430548098,139.06801466434803,140.01516723632812,569800
2023-09-25,139.77596625595345,141.52674059331122,139.77596625595345,140.62744140625,732900
2023-09-26,139.90034896990943,140.27346701890073,136.66666407808597,136.81016540527344,850200
2023-09-27,137.5276954907066,137.76687409156003,135.5377277798099,136.1500244140625,1074600
2023-09-28,136.2744007132652,137.2311151079404,135.4516257499124,137.05889892578125,1018900
2023-09-29,138.49397368033826,139.2976248849274,137.65207492064525,138.13043212890625,994000
2023-10-02,137.38418664263247,139.8142346709143,136.72405140471545,138.89578247070312,1329000
2023-10-03,138.68534297196533,138.68534297196533,133.6243149959854,134.48536682128906,1419500
2023-10-04,134.71494870351987,137.31721296936544,134.11221397628051,136.81971740722656,999200
2023-10-05,136.94411419030533,137.6233879147311,135.99696157131004,136.5135955810547,691700
2023-10-06,136.16915281719997,138.72357833544254,135.59511837787036,137.8242645263672,810400
2023-10-09,138.16867802646505,140.72310346624866,137.9103610768707,140.34042358398438,1231100
2023-10-10,140.79964120866106,142.15817375735986,140.4935002250185,141.24929809570312,1080200
2023-10-11,141.5076307635221,141.81377178117444,139.62290222291725,140.41697692871094,871400
2023-10-12,140.3213108107414,141.9285987257505,139.26893364336698,140.9049072265625,1092700
2023-10-13,141.3928135036219,142.03382499246578,139.7090014298866,140.67527770996094,769200
2023-10-16,142.15819482681894,143.8707218457444,141.96685485889586,143.21058654785156,986400
2023-10-17,142.52175293182842,144.37778130247744,141.9668567984578,143.7080841064453,813800
2023-10-18,143.12448097666632,143.81331651684937,141.93814985783925,142.29212951660156,910700
2023-10-19,136.12132130435052,137.61379340674864,124.28676905297012,124.4876708984375,2671200
2023-10-20,124.94690812613486,127.57787276081126,122.83256285101415,123.06217956542969,1873000
2023-10-23,122.67947539692196,124.03800800422975,121.35921223900819,122.70817565917969,1770700
2023-10-24,123.66489741191937,124.25807026351973,122.71775950401614,123.21524047851562,1429100
2023-10-25,123.09087390688663,124.13368906285865,122.11502116545732,122.87081909179688,974000
2023-10-26,123.10044163718166,124.02845578466285,121.93324888670642,123.34918212890625,1260700
2023-10-27,123.387466391612,123.88496200364948,121.06264993702122,121.61754608154297,889100
2023-10-30,122.05763671481415,122.94737418572487,120.88087467731701,122.00022888183594,973100
2023-10-31,122.15329564213253,123.86581530465979,121.92368622846988,123.28221893310547,2163400
2023-11-01,123.25351948744327,123.60749914853442,122.12459618897202,123.20568084716797,1051200
2023-11-02,123.97105121413684,125.17650607853902,122.38290183843822,125.03300476074219,1251000
2023-11-03,126.88902449524392,128.74505260536827,126.7455085887579,128.21885681152344,842400
2023-11-06,127.99880911089802,128.63024409855183,127.19517254386741,127.89356994628906,940000
2023-11-07,127.95099091984964,129.79744273076187,127.53003424217133,129.67306518554688,1016600
2023-11-08,129.6826314087919,129.720893559051,128.20928315352674,128.6398162841797,1025800
2023-11-09,129.26169442824664,129.88355300309703,128.61112098845587,129.19471740722656,874800
2023-11-10,129.529576353377,130.6297921957,128.7163631841436,130.26625061035156,735600
2023-11-13,129.586972065685,130.22796900890643,128.57285706302707,129.52957153320312,767500
2023-11-14,131.50039325043386,132.763263283771,131.50039325043386,132.27532958984375,952100
2023-11-15,132.59105727834046,133.4903712320432,131.64391927892106,131.9022216796875,792100
2023-11-16,131.13685132491563,132.31360596293828,130.67761789685034,131.51953125,1042100
2023-11-17,132.55278150498734,132.92589953273531,130.8593929490682,131.46212768554688,1481400
2023-11-20,131.3282004698537,131.95962093056113,130.11316899538627,131.4047393798828,709500
2023-11-21,130.93593487534915,132.2179286825155,130.83069570620543,131.51953125,648900
2023-11-22,132.2179292636242,132.2562060152829,130.90723518623108,131.80654907226562,879200
2023-11-24,131.80655470039764,132.4188513683508,131.4525604248047,131.4525604248047,407700
2023-11-27,131.06989578470578,131.06989578470578,129.2138671875,129.2138671875,984700
2023-11-28,129.5391202009334,129.74959853075376,128.34322723527376,128.5441436767578,935000
2023-11-29,128.6972156002615,129.5104140207764,127.8935644693439,128.06578063964844,786600
2023-11-30,128.8077281168924,129.11607206267158,126.97698372243633,127.94053649902344,1837200
2023-12-01,128.61499204024202,130.32048419412578,127.70925027826254,129.79052734375,1423300
2023-12-04,129.31842891247405,132.61377775359625,129.31842891247405,132.31507873535156,2150800
2023-12-05,131.785098009013,131.785098009013,128.9329757401767,129.14495849609375,1325000
2023-12-06,130.06998878551457,132.24761267022774,129.59784265315577,131.5249481201172,1058100
2023-12-07,130.98536537820027,131.3033395553363,129.3858642578125,129.3858642578125,1018700
2023-12-08,129.8869127969756,130.5421216054492,127.95980730949123,128.13323974609375,1188300
2023-12-11,129.58820133057404,131.01425513736393,129.30876282829192,130.65774536132812,1055000
2023-12-12,130.50358339646993,130.70592123519074,129.65565229381727,130.68666076660156,711700
2023-12-13,131.20697933512,132.89319668787036,130.13743516898384,132.59449768066406,1008400
2023-12-14,133.9338390141515,136.41017676398678,133.442432379787,134.77212524414062,1258900
2023-12-15,133.8952861590537,134.93591010950584,132.29578519025424,133.34605407714844,2661800
2023-12-18,133.5965892919344,134.73358923665646,132.83538905221664,134.5216064453125,853900
2023-12-19,134.8395577753225,135.35986972782712,133.35567848745103,133.88563537597656,906200
2023-12-20,133.33641695728036,134.5408577385749,131.8043571094625,131.8621826171875,793200
2023-12-21,133.22078894646026,133.70256528900117,132.0645286648915,133.4231414794922,759400
2023-12-22,133.38459385314033,134.8202926760834,132.9991786523228,133.91455078125,452100
2023-12-26,133.92421253157735,134.39634400645568,132.95101476796418,133.56768798828125,484400
2023-12-27,133.70257430108614,134.49269461338113,133.0569957228844,133.71221923828125,520000
2023-12-28,133.51950120398848,133.6447530539122,132.49812301847942,133.34605407714844,603000
2023-12-29,133.07625668170604,133.79892116704525,132.6233857613484,133.45204162597656,705800
2024-01-02,133.16296769351112,135.6007546193553,132.73900219290414,133.05697631835938,790600
2024-01-03,132.58486158547058,133.76039709278254,130.8986443072531,131.1876983642578,1145500
2024-01-04,130.2723248383328,131.97781726993054,130.07961723481074,131.1973419189453,984400
2024-01-05,130.40720258051,132.7004624245598,130.2723058074862,131.6405487060547,818500
2024-01-08,131.91037370967732,133.42315867752197,131.0528122975221,133.4135284423828,866000
2024-01-09,132.49813136863492,133.76039780239262,131.34187102653848,132.19943237304688,912900
2024-01-10,132.52703141823045,133.42314307142502,132.1223410499852,132.6522979736328,787400
2024-01-11,132.71011380571753,133.55804491564555,131.52494806081205,133.3845977783203,904500
2024-01-12,134.25181646303872,135.17681893874033,133.307538814154,133.7411346435547,699500
2024-01-16,133.42313932293254,134.73357154156878,133.20152632568693,134.7046661376953,988000
2024-01-17,134.03982333821133,135.00337608603758,132.04526209293996,132.9510040283203,734200
2024-01-18,132.75828519335076,134.7721067373849,132.33431966773372,134.36741638183594,760900
2024-01-19,134.75284530026036,138.0963742046425,134.193982993482,136.91119384765625,1268100
2024-01-22,136.87266082759163,138.81904135356805,136.76666944492342,138.33726501464844,977200
2024-01-23,139.11772887498333,139.64767104203673,137.0364517336077,137.8072967529297,910300
2024-01-24,138.29870873607746,138.33725907501818,136.0729044982592,136.50650024414062,701400
2024-01-25,137.32554626464844,137.79767771695498,136.44870970658116,137.32554626464844,640800
2024-01-26,138.14453810277874,138.14453810277874,137.2580714330933,137.4315185546875,648600
2024-01-29,137.69166334851596,138.44323321498493,136.5450480823413,137.53750610351562,710600
2024-01-30,137.35444668337158,138.21200803796035,136.43907451653044,138.0289306640625,719800
2024-01-31,138.63596413646667,138.96356851863726,134.6083062935355,135.11898803710938,1154500
2024-02-01,135.2249977050513,137.48935268757282,134.2903503039806,137.47007751464844,804600
2024-02-02,137.16175316024143,138.3854546856408,135.81277035768326,137.19065856933594,945800
2024-02-05,135.93801421285028,136.88229172496904,134.30960782698457,135.0322723388672,880400
2024-02-06,134.11692398258774,136.22710708341359,133.8471303599173,136.16929626464844,846100
2024-02-07,136.5739614915288,137.72057682492533,136.09218515387332,137.5760498046875,962800
2024-02-08,136.1596314913159,137.17136478027035,136.05364010480358,137.12318420410156,1255300
2024-02-09,137.16173573738902,137.99039166568772,136.27525429559697,137.9614715576172,867100
2024-02-12,138.30833134785345,140.56305556695136,138.21198491110377,139.8500213623047,1113400
2024-02-13,137.79765093203542,138.3661581355039,136.6028551272753,137.2195281982422,1218400
2024-02-14,137.82656271949995,138.90575167067834,137.13281834733402,138.7901153564453,1481600
2024-02-15,130.07960296783486,138.65521535650777,130.07960296783486,138.47215270996094,2619900
2024-02-16,137.87475301610758,139.2333658586579,137.44115723943017,137.7205810546875,1161500
2024-02-20,136.93045501193845,139.7151213247184,136.07289382087876,139.0213623046875,1146800
2024-02-21,139.35861113045894,140.65939826181778,138.0770844643503,139.19480895996094,1426900
2024-02-22,139.39717819896583,141.34355892126376,138.83831582513184,140.79432678222656,1125100
2024-02-23,140.9484831889987,142.7021561031511,140.77505076591825,142.49017333984375,1332300
2024-02-26,143.40554290388246,144.1185771590289,142.84668060162932,143.01048278808594,1051700
2024-02-27,144.12823074768554,145.3423019924979,143.42484131476917,145.0821533203125,820800
2024-02-28,145.54463228920883,147.07667749055972,145.41936573851393,146.2191162109375,1154700
2024-02-29,146.84959115730712,147.17938353494282,144.15314663540914,144.77391052246094,2080700
2024-03-01,144.366498137817,144.99697077832496,143.34805371866926,144.7253875732422,1141000
2024-03-04,144.81269399504652,146.06391569084013,144.72540255584198,145.46255493164062,820700
2024-03-05,145.4237475054049,146.54888648962887,144.65749799039307,145.43345642089844,1079500
2024-03-06,146.17061383497946,146.83987781938833,144.99698943348332,145.32676696777344,776000
2024-03-07,146.30642131446055,148.03292129898497,145.94754659413593,146.2870330810547,1080800
2024-03-08,146.11241648962837,146.8107776065871,145.5498469898463,146.4228057861328,1021300
2024-03-11,146.60709600293677,147.99412424649788,146.325818627766,147.86802673339844,1280000
2024-03-12,148.30449514049474,149.75941176306407,147.6061339776473,149.38113403320312,870500
2024-03-13,149.8370054952619,150.25408927981132,148.80886680802305,148.87677001953125,1200200
2024-03-14,148.8864645383601,149.0513533093846,146.9174786017692,147.30545043945312,829200
2024-03-15,146.51981019494156,150.13769894682625,146.51981019494156,149.0416717529297,1693600
2024-03-18,149.3811395901637,150.28319562580523,148.64398713537042,148.8573760986328,988600
2024-03-19,149.1483558081992,150.6032724206478,148.92525793816287,150.40928649902344,804400
2024-03-20,150.86515767096185,151.13675574110064,149.55574150511848,150.64207458496094,895000
2024-03-21,150.9524689324897,152.96024637349512,150.67117673629375,152.64987182617188,624100
2024-03-22,152.71775138638944,153.02814071588512,151.05915465745258,151.1949462890625,588400
2024-03-25,151.1949265721373,151.3501064164707,148.84766307459338,148.99314880371094,844700
2024-03-26,148.94465922057842,149.15804817191147,147.48974262522214,147.94561767578125,946000
2024-03-27,148.60519468807527,150.59356895693904,148.352999660673,150.5256805419922,754900
2024-03-28,150.80695567233664,151.22403947288637,149.89520554107565,150.2734832763672,954300
2024-04-01,150.18620243923746,150.94275796326502,148.80888302882371,149.64303588867188,733400
2024-04-02,149.80792203605267,150.80696366683912,148.62458858596378,149.16775512695312,847200
2024-04-03,148.80886958377286,149.71092558102916,148.21720290175486,148.51788330078125,703000
2024-04-04,149.42962241851794,149.42962241851794,144.31801161066818,144.376220703125,806500
2024-04-05,144.74481208566914,146.05424306712305,144.49263184635598,145.4819793701172,613200
2024-04-08,145.80203656660285,146.80107802725615,145.71473033010034,145.8893280029297,582300
2024-04-09,146.03482261420498,146.87866948371797,144.48292049556244,145.96693420410156,610200
2024-04-10,144.44412812414615,145.0746009072553,143.39658632467473,143.8233642578125,738500
2024-04-11,144.10465197825062,144.6381095779739,141.23360993526092,141.7185821533203,884000
2024-04-12,140.51583221867654,141.6021799468351,140.1375545169558,141.01051330566406,924800
2024-04-15,143.0959042393231,143.36748750266557,139.96298779422233,140.3994598388672,1177600
2024-04-16,140.3218481813693,141.4954873639967,139.96297350576998,140.20545959472656,1100400
2024-04-17,140.94262028161833,141.466398552725,139.39071810096192,139.73989868164062,1763200
2024-04-18,151.19493537822564,159.507351056546,151.19493537822564,155.4141845703125,3914700
2024-04-19,156.16104003320308,158.03302552082087,155.44327588759572,157.50926208496094,3396400
2024-04-22,157.91664916740308,158.6247044522636,156.1125519483098,158.188232421875,1447200
2024-04-23,157.72266683136294,158.93509738790434,156.08345835089057,158.4695281982422,1113200
2024-04-24,158.1688452887797,158.8089973643825,156.3744421733835,156.93701171875,1161700
2024-04-25,156.2677341328455,156.74301219031747,154.1726507940227,156.22894287109375,1452100
2024-04-26,155.79246346120226,157.26678308065854,155.0165197879718,155.12319946289062,1003700
2024-04-29,155.66638694398833,157.18919200343845,155.66638694398833,156.51992797851562,1055700
2024-04-30,155.52088608938413,155.54998323822042,152.20367792045298,152.48497009277344,1559000
2024-05-01,152.15516731878174,154.36663927995176,151.5829036972896,152.0581817626953,838700
2024-05-02,152.9893143527024,152.9893143527024,151.30162069805183,151.6217041015625,752600
2024-05-03,152.35887164271992,153.5324961056946,152.2812743129086,152.678955078125,670500
2024-05-06,153.93015828706243,154.96800579779062,150.76814517993003,151.98057556152344,913800
2024-05-07,152.49466916302345,153.00873854273442,150.1959055292149,150.2637939453125,1181700
2024-05-08,149.41024227685713,150.341395496527,148.90588179970686,149.7109375,928700
2024-05-09,150.18617043273372,150.96212882539484,149.71090720236245,150.671142578125,704300
2024-05-10,151.29193905044872,151.29193905044872,149.44905041949085,150.60328674316406,753500
2024-05-13,151.13675238778958,152.872946453672,150.96215468944408,152.79534912109375,877000
2024-05-14,153.88166742415515,153.88166742415515,150.2734732061636,150.90394592285156,678800
2024-05-15,151.3113244906969,152.44615764835592,149.9825054155211,150.35107421875,557500
2024-05-16,150.08919335455846,150.55476249636098,148.95436024631567,149.4684295654297,602300
2024-05-17,150.18618843843555,150.18618843843555,147.62553579578193,148.2947998046875,581800
2024-05-20,148.24630042819868,148.82827299566648,147.198758686863,147.3636474609375,561800
2024-05-21,147.26665761755137,147.54793497686953,145.61775512457612,146.95626831054688,845200
2024-05-22,146.6167832711841,147.4024357825719,144.53139415559224,145.09396362304688,895100
2024-05-23,144.53141376975978,144.53141376975978,141.18510845593786,141.27239990234375,731100
2024-05-24,141.88347014948963,142.26174788548408,140.57403924787482,140.85533142089844,468600
2024-05-28,140.60315846526686,141.36940809310994,137.36353265088107,137.509033203125,709600
2024-05-29,136.248096485252,137.30533237136947,134.96776272211048,135.05506896972656,815200
2024-05-30,135.4818377473853,136.85917193197375,135.1326719430526,136.4517822265625,651600
2024-05-31,136.4808828507815,140.08906239771994,136.25778498295696,139.8077850341797,1500300
2024-06-03,140.5837574891888,141.07842385363037,138.63415958190464,139.77870178222656,812400
2024-06-04,139.20640814284877,140.4285326157785,139.20640814284877,140.41883850097656,860600
2024-06-05,140.56433784519075,140.79712982457298,138.3140745785362,138.69235229492188,696600
2024-06-06,138.69235146526648,140.29275376343756,138.57594807618335,140.26365661621094,818700
2024-06-07,139.70692854790127,142.93003615555858,139.2771937830168,141.8068389892578,916600
2024-06-10,141.26965652612748,141.47476974834396,138.21258575327136,139.1502227783203,813000
2024-06-11,138.83767729269968,138.9841910006494,137.6070426233936,138.73023986816406,767500
2024-06-12,139.9413561721456,140.2636684569762,138.9060581741517,139.4627685546875,598900
2024-06-13,138.69118468451202,139.07209649702313,136.26897661785765,137.6265869140625,1033600
2024-06-14,135.50715219590774,135.56575172006694,131.7077957128128,133.51467895507812,1159300
2024-06-17,133.5146741645217,136.9331187146906,133.27049955379533,136.64010620117188,975700
2024-06-18,136.6694034009651,138.18328893974484,136.06385514674733,136.09315490722656,777300
2024-06-20,135.82946237852323,138.81815729024774,135.82946237852323,138.12469482421875,806700
2024-06-21,138.07584567195184,138.59349462281907,137.29449888793422,138.1344451904297,1589500
2024-06-24,138.38840870635048,139.62881993712037,138.18329547006726,138.74002075195312,640500
2024-06-25,138.2907187957668,138.2907187957668,135.68293593315775,135.85874938964844,641600
2024-06-26,134.94065196310447,135.32156373575526,133.9737152002673,134.85275268554688,603100
2024-06-27,134.85276534971112,135.3117999211429,132.9579679271652,134.1983642578125,872200
2024-06-28,133.70025252964967,135.44853622787014,133.3974783894469,135.09693908691406,1300600
2024-07-01,135.09693765304962,135.49737269374484,130.6920180762806,130.73109436035156,1224600
2024-07-02,130.5357380337416,133.16305917132055,130.2720401903436,132.8114471435547,1025500
2024-07-03,131.7859196822832,132.46962054569397,129.26605070095928,130.2720489501953,645200
2024-07-05,129.70555891957653,129.99857143924237,127.65448618515154,129.36370849609375,1439300
2024-07-08,129.88135230675107,130.80921282930507,129.09999058656632,129.78369140625,838700
2024-07-09,129.53951885273304,129.7836934627076,127.77169706103497,127.98655700683594,924300
2024-07-10,128.49444459320424,129.45160489307244,127.57634567357665,129.39300537109375,757800
2024-07-11,129.9692713749609,133.39747760833168,129.9692713749609,133.3291015625,1163500
2024-07-12,134.58905423347565,135.80015081698292,133.2607436975505,135.067626953125,1017700
2024-07-15,134.40347382420885,138.8376782140672,134.16906083187493,137.93911743164062,1402600
2024-07-16,138.68140682441796,139.8632035054797,137.38239620483887,138.41769409179688,1392900
2024-07-17,138.1930486219146,140.80083130942964,137.96839728130274,140.70315551757812,927900
2024-07-18,139.6678735028278,140.94734604340604,136.92335333809407,136.99171447753906,965800
2024-07-19,137.3433236292323,137.66563588818957,134.22765336254668,135.03831481933594,3266000
2024-07-22,135.59505508111982,136.01502828423185,133.93467060518248,135.14576721191406,1245400
2024-07-23,132.83097530691893,136.0247830772776,131.25849037075915,134.01278686523438,2069300
2024-07-24,133.8467529846866,133.88582926965293,131.5710586438052,132.57705688476562,1269900
2024-07-25,132.37194965446727,137.39217946748832,132.32311174766087,134.75509643554688,1072500
2024-07-26,135.27273567074292,140.22460397845248,135.0871605802509,138.66188049316406,988200
2024-07-29,138.1149347946747,140.04879360042244,137.4898483674009,139.4627685546875,810000
2024-07-30,140.34181337532777,143.94583331538945,140.32227523193072,143.66258239746094,939600
2024-07-31,143.94581112254542,145.41085868347815,142.4514638026528,143.68209838867188,2488100
2024-08-01,144.18020348557891,145.74292678332677,139.0818369831381,140.1366729736328,1113800
2024-08-02,140.02923554628634,140.02923554628634,137.32379188815523,139.1990509033203,1062200
2024-08-05,138.564188114403,138.564188114403,133.98347053552934,135.126220703125,1062200
2024-08-06,135.1262323985094,138.46653920726808,134.94065731415026,136.77684020996094,804800
2024-08-07,137.50937771155665,138.61305180528836,133.86629641444873,134.03233337402344,809400
2024-08-08,134.4718165597885,136.2103532676383,134.05184343881461,135.26295471191406,744200
2024-08-09,135.13598655332646,135.26296210997663,133.20212796101634,133.9834747314453,513600
2024-08-12,134.0811508389613,134.28626405377483,132.15705386070675,132.4696044921875,856800
2024-08-13,132.84074062735482,134.01279060001977,132.10821684605645,133.6611785888672,463500
2024-08-14,133.86629529878005,134.34488293349733,133.4560837132666,133.99327087402344,451700
2024-08-15,135.68294136953807,136.6889395398812,134.77461900151823,135.33132934570312,588600
2024-08-16,135.6145822529864,136.2103688882799,135.05785699726377,135.6243438720703,624100
2024-08-19,136.00525736719638,136.2884933565339,134.93088312508414,135.4485321044922,583900
2024-08-20,135.29225709108192,136.33731655640503,134.99924461090114,136.27871704101562,582700
2024-08-21,137.3042521162194,140.61525883700105,136.72800368208766,140.31248474121094,828400
2024-08-22,139.64833244746464,139.93158332803557,137.53867523916298,138.0660858154297,498000
2024-08-23,139.0916227100802,140.22459643076942,138.28096124975434,138.8962860107422,525000
2024-08-26,139.91205180775034,141.12316324091938,138.52514180858535,139.66787719726562,798200
2024-08-27,139.57020374306413,139.83391649973626,138.76931875686446,139.3846435546875,649300
2024-08-28,139.52137406473813,140.19528345005554,138.58373703213582,139.1892852783203,755700
2024-08-29,139.99995866447645,140.22461004860517,138.46654977736034,138.96466064453125,476800
2024-08-30,139.44324126452486,140.0780892929312,138.2418914459926,139.92181396484375,821900
2024-09-03,139.65813311636163,141.07434305437442,138.23214665463095,139.8534698486328,739500
2024-09-04,139.99993918979575,140.81060061608156,136.10292227580328,137.90980529785156,742100
2024-09-05,138.08562514759626,138.5837359685476,131.86404617896847,134.13975524902344,1620500
2024-09-06,134.1102324697221,135.56634408757418,131.88670966053286,132.13267517089844,932300
2024-09-09,132.73284809103163,134.63169486071135,131.08980007936535,134.40541076660156,824100
2024-09-10,134.63169525573824,134.68089136657042,132.5459122668519,133.56912231445312,726600
2024-09-11,132.82137884538707,133.10669223886902,130.17478748712753,132.87057495117188,775900
2024-09-12,132.88042084704932,134.0413860016691,131.06028485967968,134.01187133789062,669300
2024-09-13,134.84812497860298,135.6253843751986,133.93314051335577,135.13345336914062,874300
2024-09-16,136.0878007218965,137.1700399276983,134.6710370224427,135.13345336914062,756200
2024-09-17,135.74345593724473,137.00279823165604,134.95636325010156,135.11378479003906,529900
2024-09-18,137.15036815521862,138.82294570379324,135.62539393893837,135.86151123046875,489700
2024-09-19,137.35699343137128,137.74069906397628,135.96974421635903,136.8945770263672,528000
2024-09-20,136.35344783875107,136.44199182669036,133.77573388399907,134.8087921142578,1358200
2024-09-23,134.91700967798607,135.70408731937076,133.91346616891377,135.5171661376953,932200
2024-09-24,135.18265093838647,137.64230626850664,134.84814141650088,137.40618896484375,846500
2024-09-25,137.8981095899039,137.8981095899039,135.8123118193579,136.28457641601562,888300
2024-09-26,136.9536057927649,139.34439858041256,136.5403854987673,139.21649169921875,686400
2024-09-27,140.04293270040623,141.26292715238782,138.75407570549422,138.960693359375,618200
2024-09-30,139.0590723116536,139.0590723116536,136.66829449947343,137.4258575439453,680700
2024-10-01,137.29795458783855,138.24245376606606,135.78279859613897,137.39633178710938,764900
2024-10-02,136.5010334336472,137.42585119897407,135.65491142543996,136.53054809570312,666300
2024-10-03,135.62540067546962,135.80248865291338,134.11024458768654,134.36605834960938,553400
2024-10-04,135.24168704360616,136.0779607974095,134.0807219919434,134.4939422607422,649600
2024-10-07,133.8347639618452,134.36605791755755,132.6246177489032,132.81155395507812,619800
2024-10-08,131.83752420179593,132.13268584057752,130.6175297673528,131.51284790039062,716900
2024-10-09,131.97525176899688,132.79185905333108,130.9717082974299,131.60137939453125,807700
2024-10-10,131.60138812175086,132.3983290274156,130.8634915521882,131.28656005859375,613200
2024-10-11,131.52267640171058,135.51716907992704,131.52267640171058,135.02523803710938,864500
2024-10-14,134.70055797721847,137.34714931550928,134.46442567875923,137.18972778320312,1025500
2024-10-15,137.20940754510664,139.95437604801612,137.20940754510664,138.14407348632812,1153900
2024-10-16,139.92486815771082,141.4892052835792,139.2460009110959,140.84970092773438,879700
2024-10-17,140.81033925016828,141.64662804198068,139.8855064721765,141.31211853027344,750400
2024-10-18,141.96146365561466,141.96146365561466,140.15116089449432,140.8595428466797,852000
2024-10-21,141.3514603875724,141.8827543071054,140.1708289178399,140.81033325195312,990100
2024-10-22,118.49635622730094,120.56246517965921,110.92061339362424,111.2846450805664,6715600
2024-10-23,112.1701198388583,114.61993435990173,111.32399783449803,114.36412811279297,2768400
2024-10-24,112.5735020567653,113.99026591267831,111.10754959857728,111.2846450805664,2219400
2024-10-25,111.1764135901264,113.10478234102553,111.1764135901264,112.39640045166016,2138100
2024-10-28,113.7836540518542,117.15830137543892,113.50817386319785,116.44007873535156,3932700
2024-10-29,115.29880037553367,116.6073312464542,114.69864390197233,115.38734436035156,2502000
2024-10-30,116.194107985252,117.08942606440745,114.05912911287308,114.39363861083984,1532400
2024-10-31,114.12800754132743,115.08235501228867,112.23899404559704,112.84898376464844,2763100
2024-11-01,113.00640079954697,113.65574587879784,111.4617376110942,111.77657318115234,1318700
2024-11-04,112.17012072190941,114.91509689632427,112.1406060597553,114.17720031738281,1216400
2024-11-05,114.15751404846168,114.80686661350481,113.39994356218321,114.71831512451172,1068300
2024-11-06,118.06345319470378,121.55616668755599,117.16813507163329,121.29051971435547,2574200
2024-11-07,121.20197840401471,122.77615631345276,120.4050449730864,121.05439758300781,1696100
2024-11-08,120.79858685433547,121.33971400923424,120.18859715929186,120.43456268310547,1220300
2024-11-11,121.23149036203827,122.569543431774,120.05085132659794,120.38536834716797,957900
2024-11-12,120.10988184901515,121.17245467322117,119.44085534928601,120.7198715209961,1534900
2024-11-13,120.41488374242988,122.47115946754558,120.1295628281185,121.68406677246094,1438700
2024-11-14,122.9729205416033,124.31097358466022,121.81196297501779,121.851318359375,1430000
2024-11-15,122.45147699108304,122.93356732197185,120.40504200610496,120.64117431640625,1077400
2024-11-18,121.12326392082599,122.98276269223075,120.86745767266996,122.18583679199219,905800
2024-11-19,120.7690759397805,121.99890359700841,119.23425342556722,119.3031234741211,1053800
2024-11-20,119.70650602705814,119.70650602705814,117.81749249996288,118.81119537353516,1043100
2024-11-21,119.55892048562848,120.78874812499224,118.34877429200696,120.71004486083984,973500
2024-11-22,121.31020230454159,123.04179422988426,121.01504066626131,122.78599548339844,953300
2024-11-25,124.48806598822787,128.4923918021693,124.31097051612794,127.38062286376953,1648800
2024-11-26,126.57384943519705,126.94772182620898,125.2849925241323,125.8359603881836,917500
2024-11-27,125.9343552163511,126.65257038243175,124.54710598166017,124.82259368896484,908000
2024-11-29,124.47823494468885,125.6195186328011,124.29130624191163,124.68485260009766,554500
2024-12-02,125.5309607810634,126.46562676644446,124.50775081036653,125.47193145751953,3119700
2024-12-03,125.19645563207978,125.85564145551346,124.07485340805842,125.31452178955078,924000
2024-12-04,124.69467971630995,125.46209094877723,123.75017300663697,123.8583984375,796600
2024-12-05,123.83872964640523,124.12405056633486,121.86116465311217,122.60890197753906,1144200
2024-12-06,123.96768855521887,124.60245330733882,121.6666644370359,122.41053009033203,931700
2024-12-09,123.18415018976948,126.53650960488315,123.084969615232,124.89008331298828,1291100
2024-12-10,124.58261771336991,125.50501140758253,122.22208681184385,124.37433624267578,928300
2024-12-11,124.45368635570203,124.45368635570203,121.81543920386302,121.98404693603516,1473900
2024-12-12,121.84519119428352,121.93445900656121,119.03833634309953,120.78394317626953,937600
2024-12-13,120.66493450186228,121.49806042691881,119.29621681499373,120.22853088378906,936500
2024-12-16,120.15910205939761,120.3872166260548,117.54069552120411,117.61012268066406,1376700
2024-12-17,117.00510761949404,118.6713669606305,116.47944377641402,117.5208511352539,1280300
2024-12-18,117.38199708507393,118.72095373059334,114.58506256690283,114.64456939697266,1280900
2024-12-19,114.69416432973915,116.24140245913817,113.60316289062465,113.68251037597656,1589100
2024-12-20,113.42463469801295,115.71573847414463,112.55183506115152,114.78343200683594,2689400
2024-12-23,113.91062798388421,116.53895486226145,113.43455819302675,115.22975158691406,1134100
2024-12-24,115.15040393600164,116.33067321777344,114.62474007447086,116.33067321777344,346600
2024-12-26,115.37852366167554,116.69764723529394,115.279343088041,115.59672546386719,884900
2024-12-27,115.04129713726523,116.68772336417116,114.66440794210251,116.00336456298828,846200
2024-12-30,115.23967237865135,116.05296521105137,114.3966185630841,114.87269592285156,1295300
2024-12-31,115.16032284991209,116.49927952297591,115.13056943426511,115.80500793457031,880000
2025-01-02,116.40009553432965,117.86798615447294,114.92228458693074,115.11072540283203,1041400
2025-01-03,115.35868554599,116.26124619001452,113.91062795147181,115.90419006347656,1218100
2025-01-06,116.18189678997952,118.22504537276241,115.91410848298082,116.41001892089844,1076700
2025-01-07,117.2828203976026,118.26472096124313,115.37852610236253,115.65623474121094,848200
2025-01-08,115.06113790076921,115.77525011711725,113.95029583456197,115.5768814086914,941100
2025-01-10,114.28752134948604,115.76533231629448,113.86103807580396,114.96195983886719,1245000
2025-01-13,115.00162777508032,116.46952600396878,114.22800870097413,115.55705261230469,1301500
2025-01-14,115.62647780698843,116.83650046828977,115.19007420665217,116.06287384033203,1208400
2025-01-15,117.73905306066634,118.18537698664169,116.02320721507327,116.41992950439453,1225000
2025-01-16,118.14570321715946,118.99866975959087,116.6381312769117,118.44324493408203,1625900
2025-01-17,117.03486225279701,118.09611027732488,115.63639119880625,117.55060577392578,2448100
2025-01-21,117.55060343264368,119.41523146749314,117.09436675115718,119.08792877197266,1451200
2025-01-22,119.23670609827768,119.23670609827768,114.60490445548969,116.69764709472656,4289800
2025-01-23,117.54068989719904,117.90765876521763,116.12238579295685,117.35224151611328,1223500
2025-01-24,117.23322382822835,117.62995368969804,115.68598569218852,116.27116394042969,1311800
2025-01-27,116.99518650746062,119.29621057578768,116.99518650746062,119.15735626220703,1705100
2025-01-28,118.45316494971273,118.60193959127884,116.27116209671848,116.35050201416016,1438300
2025-01-29,116.17197475218326,116.64805209505218,114.88261217277507,115.38843536376953,1755800
2025-01-30,116.04304189684201,117.55060629115324,115.60663829220255,117.19355773925781,1573800
2025-01-31,116.46952803626716,117.26298777929416,114.83302204564454,115.29917907714844,2336500
2025-02-03,113.49405948353598,115.42810710257196,112.36338432671609,114.97187042236328,1258500
2025-02-04,114.39661470094411,117.2728967169089,114.39661470094411,116.55878448486328,1308200
2025-02-05,117.0249421513306,117.82832220034163,116.5984588752113,117.37207794189453,1519600
2025-02-06,118.11594658261888,119.21686837983657,116.20173952234967,117.07453918457031,1973100
2025-02-07,117.02494038182381,118.69119971832822,116.1918144970679,116.77698516845703,1440900
2025-02-10,117.60020169075402,118.09611213181597,116.60838080863009,117.47126770019531,1462300
2025-02-11,116.40009850735737,121.0120670899813,116.40009850735737,120.70459747314453,2011900
2025-02-12,119.1176882540584,121.29969876834579,119.1176882540584,121.26002502441406,1229300
2025-02-13,122.09314614237088,123.7792461416632,121.45838139842328,123.66022491455078,1572200
2025-02-14,124.35449536832027,125.65378582653348,123.11471930662346,123.87842559814453,1973800
2025-02-18,123.36268085846052,123.36268085846052,117.639877593055,120.65501403808594,3047300
2025-02-19,119.35571794313009,121.55756144981979,118.52259205789214,121.07157135009766,1754700
2025-02-20,121.70633962402557,122.81718173691254,120.7145187411956,122.26175689697266,1709100
2025-02-21,122.49979806585138,122.49979806585138,120.61533689493945,120.63516998291016,1466200
2025-02-24,120.80378249321025,121.5278074758133,119.51441236209189,121.18067169189453,1150300
